代碼,商品,股本,產業,產業地位
1101,台泥,605.81,上市水泥,台灣最大水泥廠
1102,亞泥,336.74,上市水泥,台灣第二大水泥廠
1103,嘉泥,77.48,上市水泥,轉型為水泥通路貿易商
1104,環泥,65.36,上市水泥,台灣最大石膏板供應商
1108,幸福,40.47,上市水泥,台灣第三大水泥廠，本業發展轉向大陸河北水泥廠
1109,信大,34.20,上市水泥,銷售市場以台北、宜蘭、基隆、桃園等為主
1110,東泥,57.20,上市水泥,台灣中南部市場水泥供應商
1201,味全,50.61,上市食品,老牌綜合食品大廠
1203,味王,24.00,上市食品,亞洲第一大味精品牌，並生產方便麵等食品
1210,大成,82.73,上市食品,兩岸最大白肉雞電宰加工廠及飼料大廠
1213,大飲,5.66,上市食品,產品以蘋果西打為主
1215,卜蜂,26.80,上市食品,台灣第二大白肉雞供應商及飼料大廠
1216,統一,568.20,上市食品,台灣食品業龍頭廠之一
1217,愛之味,49.45,上市食品,以飲料、傳統類罐頭為主的食品商
1218,泰山,50.00,上市食品,台灣油脂、飲料大廠及轉投資全家便利超商
1219,福壽,32.20,上市食品,台灣第二大麻油生產商及最大的寵物飼料廠
1220,台榮,17.71,上市食品,台灣知名果糖大廠，並生產飼料及水產品
1225,福懋油,21.87,上市食品,台灣油脂、飼料大廠
1227,佳格,91.51,上市食品,台灣最大穀物營養品與油品供應商
1229,聯華,128.15,上市食品,神達集團母公司，台灣最大麵粉廠
1231,聯華食,18.33,上市食品,台灣休閒食品大廠，並供應7-11鮮食產品
1232,大統益,16.00,上市食品,亞洲最大黃豆油煉製廠商
1233,天仁,9.06,上市食品,台灣知名茶葉廠商並轉投資喫茶趣
1234,黑松,40.19,上市食品,主要從事黑松品牌飲料製造及酒品代理
1235,興泰,10.44,上市食品,生產畜產及水產類飼料之廠商
1236,宏亞,10.83,上市食品,旗下七七巧克力與禮坊喜餅為知名品牌
1240,茂生農經,3.50,上櫃農業科技業,家禽家畜飼料、大宗原料供應商
1256,鮮活果汁-KY,3.38,上市食品,大陸最大原料型濃縮果汁、果粉、果粒供應商
1258,其祥-KY,3.68,上櫃食品,新加坡雞肉肉品市場主要供應商
1259,安心,3.24,上櫃觀光,東元旗下，以摩斯為速食餐飲連鎖品牌
1264,德麥,3.37,上櫃食品,台灣最大烘焙原物料供應商
1268,漢來美食,3.77,上櫃觀光,創始於高雄，為南台灣餐飲龍頭
1301,台塑,636.57,上市塑膠,台灣最大塑化集團，亞洲最大PVC生產商
1303,南亞,793.08,上市塑膠,全球最大的塑膠加工廠、第四大EG廠
1304,台聚,118.88,上市塑膠,台灣第二大PE廠
1305,華夏,55.34,上市塑膠,台灣第二大PVC廠，轉投資台氯
1307,三芳,39.78,上市塑膠,全球最大的合成皮生產商
1308,亞聚,58.21,上市塑膠,台灣第三大PE廠
1309,台達化,34.42,上市塑膠,台灣第三大PS廠
1310,台苯,52.79,上市塑膠,台灣第三大SM廠
1312,國喬,90.66,上市塑膠,台灣第二大SM及ABS廠
1313,聯成,133.23,上市塑膠,兩岸最大的可塑劑及苯酐製造商
1314,中石化,328.49,上市塑膠,台灣第一大CPL廠
1315,達新,13.86,上市塑膠,台灣知名的衣櫥及雨衣生產商
1316,上曜,17.98,上市建材營造,主要經營PU合成皮樹脂及營建業務
1319,東陽,59.15,上市汽車,全球第一大汽車AM塑膠件製造商
1321,大洋,22.72,上市塑膠,台灣第三大PVC廠，並有資產開發題材
1323,永裕,9.13,上市塑膠,台灣知名的塑膠瓶及軟管製造商
1324,地球,7.51,上市塑膠,台灣主要PVC膠帶供應商
1325,恆大,8.53,上市塑膠,台灣最大的紡結不織布生產廠
1326,台化,586.12,上市塑膠,台灣最大的PTA廠
1336,台翰,7.71,"上櫃電子全部,上櫃電子零組件",公司主要為日系大廠Brother的模具供應商
1337,再生-KY,26.90,上市塑膠,大陸第一大EVA發泡材商
1338,廣華-KY,8.38,上市汽車,汽車OEM塑膠內飾件大廠，供應以大陸市場為主
1339,昭輝,7.41,上市汽車,台灣第二大汽車AM塑膠件製造商
1340,勝悅-KY,15.29,上市塑膠,為鞋底及EVO鞋材生產商
1341,富林-KY,4.94,上市塑膠,越南第一大PVC人造皮革生產商
1342,八貫,6.78,上市其他,台灣機能性皮布?及薄膜製造商
1402,遠東新,535.29,上市紡織纖維,全球前五大聚酯製造商，集團轉投資橫跨領域廣
1409,新纖,161.84,上市紡織纖維,台灣知名化纖廠，為新光集團成員
1410,南染,6.30,上市紡織纖維,台灣專業的染整廠
1413,宏洲,13.21,上市紡織纖維,聚酯粒、聚酯絲與加工絲一貫廠
1414,東和,22.00,上市紡織纖維,棉混紡紗大廠
1416,廣豐,18.53,上市其他,橫跨建設及大宗物資業務，主要開發案位於桃園八德
1417,嘉裕,18.99,上市紡織纖維,裕隆集團旗下台灣知名的男性西服供應商
1418,東華,5.68,上市紡織纖維,台灣老牌的亞克力棉製造商
1419,新紡,30.00,上市紡織纖維,平織布生產商，為新光集團成員，士林三寶之一
1423,利華,13.84,上市紡織纖維,台灣第一大的專業毛條生產商
1432,大魯閣,7.50,上市貿易百貨,經營型娛樂購物中心事業
1434,福懋,168.47,上市紡織纖維,台灣最大的輪胎簾布製造商，為台塑集團成員
1435,中福,13.98,上市其他,主要從事倉儲廠房租賃業務，並發展酒類銷售及水耕蔬菜等事業
1436,華友聯,9.56,上市建材營造,轉型為以市地重劃為主的建商
1437,勤益控,20.34,上市其他,轉型為投資控股公司
1438,三地開發,5.12,上市建材營造,轉型營建業，開發桃園地區房產為主
1439,中和,9.20,上市紡織纖維,台灣知名的毛條供應商
1440,南紡,165.68,上市紡織纖維,台灣最大的聚酯棉與紡紗廠，並經營夢時代購物中心
1441,大東,10.08,上市紡織纖維,台灣主要棉紡生產企業
1442,名軒,36.62,上市建材營造,麗寶建設集團旗下成員
1443,立益,13.53,上市其他,轉型為物流業及經營房地產
1444,力麗,95.73,上市紡織纖維,台灣聚酯加工絲龍頭廠
1445,大宇,13.07,上市紡織纖維,台灣專業的織布廠
1446,宏和,13.77,上市紡織纖維,台灣知名的長短纖布廠
1447,力鵬,91.45,上市紡織纖維,台灣第一大尼龍粒廠，為力麗集團成員
1449,佳和,8.81,上市紡織纖維,佳和集團旗下子公司，以生產織布為主
1451,年興,19.80,上市紡織纖維,全球最大的牛仔成衣廠
1452,宏益,13.26,上市紡織纖維,台灣專業的加工絲一貫廠
1453,大將,10.06,上市建材營造,主要經營營建開發及紡織買賣
1454,台富,12.98,上市紡織纖維,台灣加工絲、織布一貫廠
1455,集盛,53.17,上市紡織纖維,台灣第三大尼龍粒廠商及第四大聚酯加工絲廠商
1456,怡華,9.37,上市建材營造,元邦集團旗下，為綜合性紡織廠及營建商
1457,宜進,30.16,上市紡織纖維,台灣前五大加工絲廠之一
1459,聯發,35.86,上市紡織纖維,台灣十大聚酯加工絲廠之一
1460,宏遠,50.98,上市紡織纖維,遠東集團旗下，是一家長短織一貫布廠
1463,強盛,17.33,上市紡織纖維,台灣專業的染整廠之一
1464,得力,38.46,上市紡織纖維,台灣老牌織染一貫化布廠
1465,偉全,10.36,上市紡織纖維,台灣專業的長纖布廠
1466,聚隆,11.12,上市紡織纖維,台灣第二大的尼龍加工絲廠
1467,南緯,23.36,上市紡織纖維,為品牌大廠代工及與Wal-mart合作的成衣廠
1468,昶和,16.04,上市紡織纖維,尼龍長織布廠
1470,大統新創,8.58,上市紡織纖維,台灣知名的染整廠，並跨足機能布
1471,首利,15.04,"上市電子全部,上市電子零組件",台灣專攻Clone市場PC用的電源供應器與機殼廠
1472,三洋紡,8.61,上市紡織纖維,亞洲PP纖維製造商龍頭
1473,台南,14.72,上市紡織纖維,台灣前三大成衣製造商，在大陸有Tony wear自有品牌
1474,弘裕,12.99,上市紡織纖維,台灣最大的工業用布廠
1475,業旺,2.60,上市紡織纖維,台灣提花織物的領導商
1476,儒鴻,27.44,上市紡織纖維,台灣最大針織布及第二大成衣代工廠
1477,聚陽,24.19,上市紡織纖維,全球第五大、台灣第一大成衣代工廠
1503,士電,52.10,上市電機機械,屬仰德集團，本業以電機相關產品為主，為士林三寶之一
1504,東元,213.88,上市電機機械,台灣老牌家電廠，並轉型多角化經營
1506,正道,16.35,上市電機機械,台灣知名活塞與汽車鍛件製造商
1507,永大,41.08,上市電機機械,台灣最大電梯製造商
1512,瑞利,23.67,上市汽車,為台灣汽車鈑金製造大廠
1513,中興電,47.61,上市電機機械,台灣知名重電及機電工程廠商
1514,亞力,21.75,上市電機機械,生產配電盤、電力變壓器為主的電機公司
1515,力山,18.15,上市電機機械,台灣知名健身器材代工廠
1516,川飛,3.44,上市其他,主營生媒交易與廢棄物代處理業務
1517,利奇,22.78,上市電機機械,供應全球自行車剎車器，OEM市佔率二成之大廠
1519,華城,26.11,上市電機機械,生產電力變壓器為主之重電廠
1521,大億,7.62,上市汽車,台灣最大OEM車燈製造商
1522,堤維西,31.29,上市汽車,專攻AM市場之台灣第二大車燈製造商
1524,耿鼎,16.53,上市汽車,為汽車AM鈑金件製造商
1525,江申,7.34,上市汽車,台灣最大商用車底盤與車身製造商
1526,日馳,6.00,上市電機機械,全球前三大自行車變速器製造商
1527,鑽全,13.86,上市電機機械,台灣最大的氣動手工具機ODM廠
1528,恩德,19.93,上市電機機械,台灣生產PCB鑽孔機、成型機與木工機械廠商
1529,樂士,9.60,上市電機機械,生產配電盤、變比器為主之電機廠
1530,亞崴,9.66,上市電機機械,台灣知名CNC加工機及龍門機製造商
1531,高林股,18.36,上市電機機械,全球前三大工業用縫紉機製造商
1532,勤美,37.61,上市電機機械,台灣鑄鐵龍頭廠之一，並轉投資營建地產
1533,車王電,9.85,上市汽車,主攻AM車用電子零組件之大廠
1535,中宇,12.37,上市電機機械,中鋼旗下環保工程廠
1536,和大,27.95,上市汽車,台灣最大、全球前十大車廠之傳動零組件供應商
1537,廣隆,8.24,上市電機機械,鉛酸蓄電池專業製造商
1538,正峰,2.64,上市電機機械,以生產電動工具機、汽車燈具為主的廠商
1539,巨庭,6.54,上市電機機械,台灣木工具機製造廠
1540,喬福,8.55,上市電機機械,客製化工具機生產廠商，核心產品為切削中心機
1541,錩泰,7.88,上市電機機械,主要代工生產圓鋸機、線鋸機等桌上型木工機廠商
1558,伸興,6.05,上市電機機械,全球最大家用縫紉機ODM廠，主要客戶為Singer
1560,中砂,14.15,上市電機機械,台灣從事砂輪及再生晶圓生產製造廠商
1565,精華,5.04,上櫃生技醫療,亞洲第一大，全球第五大隱形眼鏡製造廠
1568,倉佑,10.31,上市汽車,為汽車自動變速箱零組件製造商
1569,濱川,12.07,"上櫃電子全部,上櫃電腦及週邊設備",全球NB鍵盤支架最大供應商
1570,力肯,5.15,上櫃電機機械,台灣氣動釘槍製造廠商
1580,新麥,5.02,上櫃電機機械,全球前6大烘焙設備商
1582,信錦,12.37,"上市電子全部,上市電子零組件",全球最大監視器軸承及底座廠商
1583,程泰,11.04,上市電機機械,台灣規模最大的CNC車床製造商，並轉投資亞崴
1584,精剛,12.25,上櫃其他,榮剛旗下合金鋼廠
1586,和勤,8.42,上櫃電機機械,台灣汽車及硬碟零件雙核心精沖技術大廠
1587,吉茂,6.54,上市汽車,台灣最大汽車水箱製造廠
1589,永冠-KY,11.06,上市電機機械,全球知名的金屬二次加工廠商
1590,亞德客-KY,18.90,上市電機機械,大陸前三大氣動元件供應商
1591,駿吉-KY,3.32,上櫃電機機械,東南亞最大氣動式工業用槍釘供應商
1593,祺驊,3.52,上櫃生技醫療,台灣運動器材零件製造商
1595,川寶,4.71,"上櫃電子全部,上櫃電子零組件",全球知名PCB半自動曝光機廠
1597,直得,8.12,上市電機機械,全球前3大微型線性滑軌元件廠商
1598,岱宇,13.41,"上市化學生技醫療,上市生技醫療",台灣健身器材出口業者
1599,宏佳騰,7.55,上櫃電機機械,以自有品牌「AEON」沙灘車起家並跨入機車領域的業者
1603,華電,19.17,上市電器電纜,台灣老牌電線電纜業者，並跨入鋁門窗生產
1604,聲寶,38.72,上市電器電纜,台灣前五大家電廠之一
1605,華新,343.13,上市電器電纜,大中華區電線電纜及不鏽鋼領導廠商
1608,華榮,63.28,上市電器電纜,台灣超高壓電力電纜線路統包工程知名業者
1609,大亞,59.51,上市電器電纜,國內漆包線、電力電纜指標廠商及第一大銅銲線供應商
1611,中電,32.27,上市電器電纜,以東亞照明品牌銷售燈具及光源產品，並跨入LED路燈工程標案
1612,宏泰,31.61,上市電器電纜,橫跨銅箔基板及電力電纜業者
1614,三洋電,26.91,上市電器電纜,台灣前五大家電廠之一
1615,大山,12.30,上市電器電纜,為台灣中部地區最大之電力電纜專業廠
1616,億泰,19.41,上市電器電纜,國內電力電纜業者
1617,榮星,14.42,上市電器電纜,專業漆包線及電子用線大廠
1618,合機,24.09,上市電器電纜,台灣主要電力電纜廠
1626,艾美特-KY,14.07,上市電器電纜,大陸「艾美特AIRMATE」品牌電扇、電暖器等小家電生產商
1701,中化,29.81,"上市化學生技醫療,上市生技醫療",台灣學名藥製劑龍頭廠
1702,南僑,29.41,上市食品,台灣最大烘焙用油脂廠，轉投資餐飲事業眾多品牌
1707,葡萄王,14.81,"上市化學生技醫療,上市生技醫療",台灣保健食品與飲品龍頭廠
1708,東鹼,22.84,"上市化學生技醫療,上市化工",台灣主要肥料及純鹼大廠
1709,和益,47.70,"上市化學生技醫療,上市化工",台灣烷化品大廠、且為唯一氫化石油樹脂商
1710,東聯,88.57,"上市化學生技醫療,上市化工",遠東集團旗下EG大廠
1711,永光,54.78,"上市化學生技醫療,上市化工",全球前五大、亞洲最大染料廠
1712,興農,42.05,"上市化學生技醫療,上市化工","台灣農藥第一大廠,在中部經營連鎖超市"
1713,國化,15.10,"上市化學生技醫療,上市化工",保險粉生產商，在高雄擁有資產土地
1714,和桐,101.68,"上市化學生技醫療,上市化工",亞洲最大正烷屬烴供應商
1717,長興,124.03,"上市化學生技醫療,上市化工",全球最大乾膜光阻劑廠商之一、前三大UV光固化樹脂廠
1718,中纖,162.14,"上市化學生技醫療,上市化工",台灣人造化纖大廠，並為EG重要供應商
1720,生達,17.87,"上市化學生技醫療,上市生技醫療",台灣第三大學名藥廠
1721,三晃,18.90,"上市化學生技醫療,上市化工",油墨、表面處理劑、PU樹脂生產企業
1722,台肥,98.00,"上市化學生技醫療,上市化工",台灣最大肥料及化學廠商
1723,中碳,23.69,"上市化學生技醫療,上市化工",中鋼集團旗下，台灣唯一煤化工製造商
1724,台硝,12.78,"上市化學生技醫療,上市化工",全球第二大、亞洲最大硝化棉供應商
1725,元禎,18.18,"上市化學生技醫療,上市化工",石化原料之專業代理商
1726,永記,16.20,"上市化學生技醫療,上市化工",台灣最大油漆廠，主要生產防火漆
1727,中華化,10.83,"上市化學生技醫療,上市化工",台灣主要生產硫酸產品之廠商
1730,花仙子,6.32,"上市化學生技醫療,上市化工",台灣最大家庭日用品廠商
1731,美吾華,13.29,"上市化學生技醫療,上市生技醫療",藥品代理並生產自有品牌染髮劑及沐浴用品
1732,毛寶,4.24,"上市化學生技醫療,上市化工",台灣主要清潔用品大廠
1733,五鼎,10.00,"上市化學生技醫療,上市生技醫療",以血糖儀為主之OEM大廠
1734,杏輝,16.77,"上市化學生技醫療,上市生技醫療",台灣老牌學名藥製造商，並跨足保健食品及中草藥原料開發
1735,日勝化,9.94,"上市化學生技醫療,上市化工",專業合成皮用PU樹脂製造商
1736,喬山,30.36,"上市化學生技醫療,上市生技醫療",台灣第一大、全球前四大健身器材廠
1737,臺鹽,20.00,上市食品,台灣最大製鹽商，並跨足生技及水產品
1742,台蠟,7.16,上櫃化工,台灣唯一蠟品專業製造商
1752,南光,10.10,上櫃生技醫療,台灣最大針劑製造廠
1760,寶齡富錦,7.67,"上市化學生技醫療,上市生技醫療",腎臟病新藥Nephoxil取得美FDA藥證
1762,中化生,7.76,"上市化學生技醫療,上市生技醫療",中化旗下原料藥製造商，MMF與MCB美國市佔第一
1773,勝一,18.00,"上市化學生技醫療,上市化工",台灣第2大溶劑廠商
1776,展宇,7.03,"上市化學生技醫療,上市化工",台灣PU樹脂及硬化劑大廠
1777,生泰,3.01,上櫃生技醫療,開發及產製原料藥廠商
1781,合世,4.74,上櫃生技醫療,全球前三大電子式血壓計廠
1783,和康生,6.95,"上市化學生技醫療,上市生技醫療",專注膠原蛋白之高階醫材及醫美保養產品
1784,訊聯,4.96,上櫃生技醫療,台灣第一大臍帶血銀行與幹細胞資料庫公司
1785,光洋科,59.19,"上櫃電子全部,上櫃其他電子",全球最大硬碟靶材供應商
1786,科妍,6.10,"上市化學生技醫療,上市生技醫療",台灣首家醫療級玻尿酸醫材廠
1788,杏昌,3.85,上櫃生技醫療,代理歐美日一線廠牌醫療器材為主
1789,神隆,79.07,"上市化學生技醫療,上市生技醫療",全球最大原料藥代工廠，台灣原料藥龍頭
1795,美時,26.29,"上市化學生技醫療,上市生技醫療",台灣老牌學名藥廠，國際醫藥集團Alvogen持股近7成
1796,金穎生技,4.04,上櫃食品,為醱酵原料及保健品廠商
1799,易威,13.94,上櫃生技醫療,轉型新劑型藥物及原料藥研發廠
1802,台玻,290.81,上市玻璃陶瓷,兩岸前三大玻璃生產商
1805,寶徠,10.03,上市建材營造,知名建案「寶徠花園廣場」建商
1806,冠軍,43.38,上市玻璃陶瓷,台灣最大磁磚廠商
1808,潤隆,37.00,上市建材營造,興富發集團旗下建商
1809,中釉,16.70,上市玻璃陶瓷,亞洲最大釉料廠
1810,和成,36.99,上市玻璃陶瓷,台灣衛浴設備龍頭廠
1813,寶利徠,4.66,上櫃生技醫療,全球第三大PC(聚碳酸酯樹脂)光學鏡片商
1815,富喬,41.80,"上櫃電子全部,上櫃電子零組件",台灣玻纖紗、玻纖布一貫廠
1817,凱撒衛,7.26,上市玻璃陶瓷,在越南生產回銷台灣之國內第3大衛浴設備大廠
1903,士紙,26.00,上市造紙,轉型為濕紙巾製造商
1904,正隆,110.83,上市造紙,台灣最大工業用紙生產商
1905,華紙,110.28,上市造紙,紙漿及文化用紙一貫廠，亦為永豐餘子公司
1906,寶隆,15.10,上市造紙,轉型為工業用紙代銷商
1907,永豐餘,166.04,上市造紙,台灣第一大造紙集團
1909,榮成,127.77,上市造紙,國內前三大工業用紙生產商
2002,中鋼,1573.49,上市鋼鐵,台灣最大設有高爐的一貫作業鋼廠
2006,東和鋼鐵,108.99,上市鋼鐵,台灣最大型鋼廠及三大鋼筋廠之一
2007,燁興,53.07,上市鋼鐵,台灣不鏽鋼線材盤元大廠之一
2008,高興昌,20.09,上市鋼鐵,鋼管產品主要應用輸油氣領域
2009,第一銅,35.96,上市鋼鐵,台灣銅產品線最完整的企業
2010,春源,64.77,上市鋼鐵,台灣最具規模鋼鐵裁剪及通路業者
2012,春雨,28.78,上市鋼鐵,主要外銷歐美及東南亞的線材螺絲廠
2013,中鋼構,20.00,上市鋼鐵,中鋼集團旗下，台灣最大鋼結構廠
2014,中鴻,143.55,上市鋼鐵,中鋼集團旗下，熱軋產品大廠
2015,豐興,58.16,上市鋼鐵,台灣三大鋼筋廠之一，位於台中
2017,官田鋼,34.19,上市鋼鐵,台灣盤元及鐵絲大廠
2020,美亞,22.25,上市鋼鐵,台灣第一家鋼管專業製造廠
2022,聚亨,47.98,上市鋼鐵,以泰國為生產基地的線材盤元大廠
2023,燁輝,189.06,上市鋼鐵,台灣第一大鍍鋅烤漆廠
2024,志聯,9.75,上市鋼鐵,主要從事鋼棒及鋼線生產之廠商
2025,千興,28.12,上市鋼鐵,台灣不鏽鋼板冷軋廠
2027,大成鋼,165.85,上市鋼鐵,全美最大不銹鋼管通路商
2028,威致,32.57,上市鋼鐵,台灣三大電爐廠之一，主要銷售鋼筋及鋼胚
2029,盛餘,32.12,上市鋼鐵,台灣鍍面一貫化處理鋼捲製造商
2030,彰源,28.05,上市鋼鐵,台灣前二大不鏽鋼管製造廠
2031,新光鋼,30.85,上市鋼鐵,台灣鋼剪裁大廠，以內銷為主
2032,新鋼,13.05,上市鋼鐵,以內銷為主的不鏽鋼裁剪加工廠
2033,佳大,8.07,上市鋼鐵,致力於鋼線鋼纜產品業務
2034,允強,43.71,上市鋼鐵,亞洲最大不鏽鋼管加工裁剪廠
2035,唐榮,35.00,上櫃鋼鐵,台灣第二大不鏽鋼廠
2038,海光,18.13,上市鋼鐵,台灣鋼筋大廠之一
2049,上銀,33.09,上市電機機械,全球前三大滾珠螺桿廠商
2059,川湖,9.53,"上市電子全部,上市電子零組件",全球知名伺服器導軌廠
2061,風青,4.69,上櫃電器電纜,台灣知名漆包線供應商
2062,橋椿,16.30,上市其他,全球最大鋅合金水龍頭零組件廠
2063,世鎧,4.50,上櫃鋼鐵,台灣最大不鏽鋼及合金鋼複合螺絲製造公司
2064,晉椿,6.96,上櫃鋼鐵,高階棒鋼龍頭大廠
2065,世豐,4.54,上櫃鋼鐵,台灣最大烤漆、噴頭表面塗裝螺絲廠
2066,世德,3.65,上櫃電機機械,全球汽車大廠之第一階扣件及金屬零件供應商
2067,嘉鋼,4.51,上櫃電機機械,台灣小型鑄件廠
2069,運錩,15.64,上市鋼鐵,台灣不銹鋼材料加工製造廠
2070,精湛,3.58,上櫃電機機械,台灣緊固件篩選設備大廠
2101,南港,83.39,上市橡膠,台灣擁有土地資產的老牌輪胎廠
2102,泰豐,47.33,上市橡膠,台灣輪胎製造商
2103,台橡,82.57,上市橡膠,全球前七大橡膠生產製造商
2104,國際中橡,98.47,上市橡膠,全球市佔率前五大的碳煙公司
2105,正新,324.14,上市橡膠,台灣最大、全球前十大輪胎製造商
2106,建大,90.94,上市橡膠,台灣第二大輪胎廠
2107,厚生,34.23,上市橡膠,主要從事營建與倉儲業務，也從事於橡膠與塑膠皮加工
2108,南帝,49.24,上市橡膠,全球前五大NBR乳膠廠
2109,華豐,27.93,上市橡膠,台灣前六大輪胎廠
2114,鑫永銓,7.09,上市橡膠,台灣最大、全球前十大橡膠輸送帶商
2115,六暉-KY,9.04,上市汽車,全球最大氣門嘴製造商
2201,裕隆,100.00,上市汽車,與日本Nissan技術合作之汽車製造商，並推出納智捷自有品牌
2204,中華,55.36,上市汽車,裕隆集團與日本三菱技術合作之汽車製造廠
2206,三陽工業,80.31,上市汽車,現代汽車台灣代理商及台灣知名機車製造商
2207,和泰車,54.62,上市汽車,TOYOTA台灣獨家代理商
2208,台船,92.41,上市航運業,台灣第一大造船公司
2211,長榮鋼,42.00,上市鋼鐵,長榮集團旗下之鋼結構製造廠
2221,大甲,4.23,上櫃其他,台灣最大不鏽鋼焊接管配件廠，客戶以化工廠為主
2227,裕日車,30.00,上市汽車,裕隆集團為NISSAN在台灣地區研發及銷售成立之公司
2228,劍麟,7.58,上市汽車,為汽車安全氣囊零組件製造商
2230,泰茂,3.99,上櫃電機機械,台灣第一大活塞環廠商
2231,為升,12.19,上市汽車,主要經營電裝品、TPMS及毫米波雷達銷售
2233,宇隆,6.03,上市汽車,汽車噴油嘴零件大廠
2235,謚源,3.59,上櫃電機機械,為車用水箱風扇製造商，堤維西為其最大股東
2236,百達-KY,4.58,上市汽車,全球唯二汽車零組件一條龍之新加坡商
2239,英利-KY,11.80,上市汽車,台商企業，為大陸整車廠提供汽車結構件
2241,艾姆勒,8.99,上市汽車,主要生產電動車及油電混合車的逆變器散熱產品
2243,宏旭-KY,4.59,上市汽車,大陸台資第一大、行業前五大的車身模具廠
2247,汎德永業,8.07,上市汽車,豪華進口車代理商
2250,IKKA-KY,2.70,上市汽車,日本車用沖壓件OEM廠商
2301,光寶科,235.09,"上市電子全部,上市電腦及週邊設備",台灣第一家上市電子公司，產品應用涵蓋4C領域
2302,麗正,16.63,"上市電子全部,上市半導體",台灣整流二極體廠商
2303,聯電,1283.41,"上市電子全部,上市半導體",全球前十大晶圓代工廠之一
2305,全友,20.57,"上市電子全部,上市電腦及週邊設備",台灣掃瞄器之影像處理器廠
2308,台達電,259.75,"上市電子全部,上市電子零組件",全球第一大電源供應器製造廠
2312,金寶,146.91,"上市電子全部,上市其他電子",金仁寶集團旗下消費性電子代工廠
2313,華通,119.18,"上市電子全部,上市電子零組件",台灣第二大手機板及HDI板製造商
2314,台揚,22.80,"上市電子全部,上市通信網路",鴻海轉投資衛星、微波通訊設備製造商
2316,楠梓電,18.27,"上市電子全部,上市電子零組件",國內PCB廠商，並轉投資於深交所掛牌之滬電股份
2317,鴻海,1386.30,"上市電子全部,上市其他電子",全球最大EMS電子專業代工廠
2321,東訊,4.46,"上市電子全部,上市通信網路",東元集團轉投資通訊設備製造商及手機通路商
2323,中環,115.89,"上市電子全部,上市光電",全球前三大光碟片製造商之一
2324,仁寶,440.71,"上市電子全部,上市電腦及週邊設備",全球第二大NB代工廠
2327,國巨,49.89,"上市電子全部,上市電子零組件",全球被動元件供應商，亦為全球晶片電阻大廠
2328,廣宇,51.83,"上市電子全部,上市電子零組件",鴻海旗下電子零件代工、PCB及連接器廠
2329,華泰,65.01,"上市電子全部,上市半導體",與金士頓合作之NAND Flash、記憶卡封測廠
2330,台積電,2593.04,"上市電子全部,上市半導體",全球第一大晶圓代工廠
2331,精英,55.74,"上市電子全部,上市電腦及週邊設備",屬大同集團之台灣前四大主機板廠
2332,友訊,65.20,"上市電子全部,上市通信網路",以D-Link品牌行銷網通設備之全球領導廠商
2337,旺宏,185.61,"上市電子全部,上市半導體",全球非揮發性記憶體整合元件領導廠
2338,光罩,25.27,"上市電子全部,上市半導體",台灣專業光罩廠商
2340,光磊,37.86,"上市電子全部,上市光電",經日亞化授權的LED晶粒廠
2342,茂矽,15.62,"上市電子全部,上市半導體",轉型專注晶圓代工事業
2344,華邦電,398.00,"上市電子全部,上市半導體",台灣利基型DRAM廠
2345,智邦,55.98,"上市電子全部,上市通信網路",以網路交換器為主產品的網通設備代工大廠
2347,聯強,166.79,"上市電子全部,上市電子通路",亞太最大、全球前三大3C專業通路商
2348,海悅,9.68,上市其他,台灣前二大房屋代銷業者
2349,錸德,69.37,"上市電子全部,上市光電",全球前三大光碟片製造商之一
2351,順德,18.21,"上市電子全部,上市半導體",全球前三大單體導線架廠之一
2352,佳世達,196.68,"上市電子全部,上市電腦及週邊設備",LCD顯示器及投影機大廠
2353,宏碁,304.79,"上市電子全部,上市電腦及週邊設備",全球前五大NB品牌廠
2354,鴻準,141.45,"上市電子全部,上市其他電子",鴻海旗下散熱模組及鋁鎂合金廠
2355,敬鵬,39.75,"上市電子全部,上市電子零組件",全球車用PCB龍頭廠商
2356,英業達,358.75,"上市電子全部,上市電腦及週邊設備",全球知名NB代工大廠
2357,華碩,74.28,"上市電子全部,上市電腦及週邊設備",全球最大自有品牌主機板廠，及前五大NB廠
2358,廷鑫,12.46,上市其他,轉型鋁合金產品製造廠
2359,所羅門,17.15,"上市電子全部,上市其他電子",台灣電子元件通路商，並切入自動化工業領域
2360,致茂,42.16,"上市電子全部,上市其他電子",全球知名的自動測試設備品牌大廠
2362,藍天,64.98,"上市電子全部,上市電腦及週邊設備",轉投資大陸最大IT賣場百腦匯
2363,矽統,63.10,"上市電子全部,上市半導體",轉型為觸控IC設計廠商
2364,倫飛,19.59,"上市電子全部,上市電腦及週邊設備",主攻軍工規格NB廠商
2365,昆盈,22.45,"上市電子全部,上市電腦及週邊設備",全球第二大滑鼠廠
2367,燿華,61.94,"上市電子全部,上市電子零組件",台灣前三大手機印刷電路板廠之一
2368,金像電,54.65,"上市電子全部,上市電子零組件",全球第二大NB用印刷電路板製造商
2369,菱生,38.01,"上市電子全部,上市半導體",客戶以類比IC為主的小型封裝廠
2371,大同,233.95,上市電機機械,台灣重電及家電大廠，並擁有土地資產
2373,震旦行,23.62,"上市電子全部,上市其他電子",台灣最大的辦公設備與辦公家俱通路商
2374,佳能,28.24,"上市電子全部,上市光電",台灣數位相機組裝大廠
2375,凱美,13.58,"上市電子全部,上市電子零組件",國巨旗下專業鋁質電容廠
2376,技嘉,63.57,"上市電子全部,上市電腦及週邊設備",全球前三大主機板廠
2377,微星,84.49,"上市電子全部,上市電腦及週邊設備",台灣知名主機板及電競筆電廠
2379,瑞昱,51.07,"上市電子全部,上市半導體",全球超高速乙太網路IC設計龍頭廠商
2380,虹光,17.94,"上市電子全部,上市電腦及週邊設備",提供掃瞄器、MFP等數位化辦公設備供應商
2382,廣達,386.26,"上市電子全部,上市電腦及週邊設備",全球第一大NB代工廠
2383,台光電,33.29,"上市電子全部,上市電子零組件",全球第一大無鹵素板廠、台灣第二大CCL廠
2385,群光,74.53,"上市電子全部,上市電子零組件",全球PC鍵盤排名前三大之電腦週邊廠
2387,精元,19.63,"上市電子全部,上市電腦及週邊設備",全球前三大NB鍵盤廠
2388,威盛,49.44,"上市電子全部,上市半導體",支援x86平台之IC解決方案廠商
2390,云辰,21.40,"上市電子全部,上市其他電子",台灣防盜器龍頭廠商，轉型為智慧家庭解決方案商
2392,正崴,51.23,"上市電子全部,上市電子零組件",生產手機連接器、電池模組、電源管理模組之廠商
2393,億光,44.35,"上市電子全部,上市光電",全球前十大LED封裝廠
2395,研華,77.29,"上市電子全部,上市電腦及週邊設備",全球前三大工業電腦廠
2397,友通,11.47,"上市電子全部,上市電腦及週邊設備",佳世達集團旗下工業電腦嵌入式解決方案供應商
2399,映泰,17.81,"上市電子全部,上市電腦及週邊設備",台灣二線主機板廠
2401,凌陽,59.20,"上市電子全部,上市半導體",台灣多媒體IC設計廠商
2402,毅嘉,30.75,"上市電子全部,上市電子零組件",主業從手機按鍵轉型為軟板廠
2404,漢唐,19.06,"上市電子全部,上市其他電子",台積電最大的無塵室供應商
2405,浩鑫,34.34,"上市電子全部,上市電腦及週邊設備",白牌NB代工廠
2406,國碩,28.59,"上市電子全部,上市光電",台灣第三大太陽能矽晶圓廠，轉投資碩禾
2408,南亞科,309.70,"上市電子全部,上市半導體",轉型利基型及消費型DRAM廠
2409,友達,962.42,"上市電子全部,上市光電",全球前四大面板大廠
2412,中華電,775.74,"上市電子全部,上市通信網路",台灣電信業龍頭
2413,環科,12.74,"上市電子全部,上市電子零組件",通訊用變壓器、電源供應器與網通產品供應商
2414,精技,16.17,"上市電子全部,上市電子通路",台灣前三大資訊通路商
2415,錩新,8.00,"上市電子全部,上市電子零組件",全球最大揚聲器鍛造零組件廠
2417,圓剛,19.29,"上市電子全部,上市電腦及週邊設備",台灣知名影音視訊媒體解決方案商
2419,仲琦,32.90,"上市電子全部,上市通信網路",台灣Cable CPE與系統整合業者
2420,新巨,15.26,"上市電子全部,上市電子零組件",台灣聚焦高階電源供應器與知名微動開關廠
2421,建準,25.09,"上市電子全部,上市電子零組件",PC散熱風扇知名廠商
2423,固緯,14.50,"上市電子全部,上市其他電子",台灣知名的電子量測儀器廠
2424,隴華,2.70,"上市電子全部,上市電腦及週邊設備",轉型從事海事寬頻服務
2425,承啟,10.15,"上市電子全部,上市電腦及週邊設備",台灣繪圖卡廠商，與大陸七彩紅合作推平板電腦
2426,鼎元,30.06,"上市電子全部,上市光電",台灣大型LED晶粒切割、檢測廠
2427,三商電,18.43,"上市電子全部,上市資訊服務",以金融、電訊與交通產業為主之系統整合商
2428,興勤,12.81,"上市電子全部,上市電子零組件",全球知名熱敏電阻廠
2429,銘旺科,3.97,"上市電子全部,上市光電",台灣PCB廠，跨足ITO玻璃基板業務
2430,燦坤,16.65,"上市電子全部,上市電子通路",全台最大3C連鎖通路
2431,聯昌,11.09,"上市電子全部,上市電子零組件",東元轉投資，專注於LCD顯示器電源供應器製造商
2433,互盛電,14.45,"上市電子全部,上市其他電子",日本理光辦公事務機器之台灣代理商
2434,統懋,3.70,"上市電子全部,上市半導體",台灣上下游垂直整合之二極體廠
2436,偉詮電,17.80,"上市電子全部,上市半導體",台灣類比IC暨消費性IC設計廠商
2438,翔耀,6.02,"上市電子全部,上市光電",主要經營玻璃基板薄化加工及LED照明產品
2439,美律,21.05,"上市電子全部,上市通信網路",全球前十大手機電聲元件供應商
2440,太空梭,13.91,"上市電子全部,上市電子零組件",跨入上游絞銅線製造銷售業務
2441,超豐,56.88,"上市電子全部,上市半導體",力成轉投資之消費性IC後段封測廠
2442,新美齊,24.00,"上市電子全部,上市電腦及週邊設備",專注於車用高階顯示器及車用影音產品
2443,億麗,14.57,上市其他,轉型從事港區物流及大宗物資貿易業務
2444,兆勁,10.56,"上市電子全部,上市通信網路",台灣無線網路設備代工廠
2449,京元電子,122.27,"上市電子全部,上市半導體",全球最大IC測試廠之一
2450,神腦,25.83,"上市電子全部,上市通信網路",中華電信轉投資之數位產品通路代理商
2451,創見,42.91,"上市電子全部,上市半導體",以Transcend品牌行銷全球之隨身碟及記憶卡廠商
2453,凌群,10.00,"上市電子全部,上市資訊服務",以金融業為主的系統整合大廠
2454,聯發科,159.03,"上市電子全部,上市半導體",全球智慧型手機晶片大廠
2455,全新,18.49,"上市電子全部,上市通信網路",全球前三大砷化鎵HBT磊晶片廠
2456,奇力新,26.35,"上市電子全部,上市電子零組件",國巨旗下知名電感元件製造商
2457,飛宏,33.77,"上市電子全部,上市電子零組件",全球手機電源供應器知名廠商，並切入LED照明市場
2458,義隆,30.39,"上市電子全部,上市半導體",台灣最大觸控面板IC設計廠商
2459,敦吉,10.56,"上市電子全部,上市其他電子",業務涵蓋電子零件通路，製造事業與驗證事業
2460,建通,16.92,"上市電子全部,上市電子零組件",亞洲最大電器類端子製造廠
2461,光群雷,15.93,"上市電子全部,上市其他電子",是全球第一大雷射全像材料整合供應商
2462,良得電,14.19,"上市電子全部,上市電子零組件",台灣三大電源線供應商之一
2464,盟立,19.55,"上市電子全部,上市其他電子",台灣工業自動化設備廠
2465,麗臺,5.36,"上市電子全部,上市電腦及週邊設備",台灣繪圖卡廠商
2466,冠西電,15.63,"上市電子全部,上市光電",台灣光纖耦合器與繼電器製造商
2467,志聖,14.92,"上市電子全部,上市電子零組件",全球知名紫外線立體照射機製造商
2468,華經,7.00,"上市電子全部,上市資訊服務",以數位影像處理為主的系統整合商
2471,資通,4.73,"上市電子全部,上市資訊服務",以金融業及製造業為主的系統整合廠商
2472,立隆電,15.98,"上市電子全部,上市電子零組件",全球知名鋁質電容供應商
2474,可成,76.16,"上市電子全部,上市其他電子",台灣智慧手機金屬機殼製造大廠
2476,鉅祥,18.50,"上市電子全部,上市電子零組件",台灣第一大金屬沖壓件廠商
2477,美隆電,19.82,"上市電子全部,上市其他電子",台灣最大音箱及揚聲器製造廠之一
2478,大毅,14.47,"上市電子全部,上市電子零組件",台灣知名晶片電阻製造商
2480,敦陽科,10.64,"上市電子全部,上市資訊服務",台灣最大系統整合服務商
2481,強茂,33.28,"上市電子全部,上市半導體",亞洲最大小訊號整流二極體領導廠
2482,連宇,6.21,"上市電子全部,上市其他電子",台灣讀卡機等電子支付交易設備廠
2483,百容,10.91,"上市電子全部,上市電子零組件",台灣程式開關最大供應商
2484,希華,15.94,"上市電子全部,上市電子零組件",台灣石英元件大廠
2485,兆赫,31.77,"上市電子全部,上市通信網路",機上盒、LNB、有線電視傳輸設備製造商
2486,一詮,20.20,"上市電子全部,上市光電",台灣最大LED導線架生產商
2488,漢平,8.00,"上市電子全部,上市其他電子",台灣娛樂音訊產品ODM製造商
2489,瑞軒,80.94,"上市電子全部,上市光電",以Vizio及JVC雙品牌打入北美液晶電視市場
2491,吉祥全,8.20,"上市電子全部,上市光電",轉型以LED照明為主業
2492,華新科,48.58,"上市電子全部,上市電子零組件",全球前五大MLCC廠
2493,揚博,11.44,"上市電子全部,上市電子零組件",全球最大的PCB濕製程大廠
2495,普安,27.36,"上市電子全部,上市其他電子",全球前十大磁碟陣列及NAS系統供應商
2496,卓越,1.92,上市其他,為補教教育服務商，旗下擁有陳立補習班
2497,怡利電,11.88,上市汽車,國內車載影音主機大廠
2498,宏達電,81.86,"上市電子全部,上市通信網路",以HTC品牌行銷全球前十大智慧型手機廠商
2501,國建,115.96,上市建材營造,屬霖園集團之台灣老牌營建開發業者
2504,國產,118.00,上市建材營造,台灣知名預拌混凝土大廠
2505,國揚,38.00,上市建材營造,整合百貨、飯店、休閒、地產的營建商
2506,太設,38.70,上市建材營造,多角化經營建設、百貨及休閒等事業
2509,全坤建,22.46,上市建材營造,推案集中於大台北地區的建商
2511,太子,162.33,上市建材營造,統一集團旗下建商
2514,龍邦,39.47,上市其他,中部地區第一家上市之營建廠商，現以僑園會館經營為主
2515,中工,153.09,上市建材營造,威京集團成員之一，為專業建築工程廠商
2516,新建,22.63,上市建材營造,主要承攬公共工程為主之營造廠商
2520,冠德,50.38,上市建材營造,大台北地區的中大型建商
2524,京城,37.12,上市建材營造,高雄地區知名建商
2527,宏璟,27.03,上市建材營造,日月光集團旗下建商
2528,皇普,33.00,上市建材營造,以大台北地區推案為主的建商
2530,華建,52.08,上市建材營造,推案集中於大台北地區的建商
2534,宏盛,47.42,上市建材營造,宏泰集團旗下建商，以仁愛帝寶豪宅推案而知名
2535,達欣工,33.72,上市建材營造,台灣主要甲級營造廠之一
2536,宏普,33.28,上市建材營造,推案集中於大台北地區之建商
2537,聯上發,30.06,上市建材營造,聯上集團旗下建商，負責大台北及桃園地區推案
2538,基泰,43.84,上市建材營造,推案集中於大台北地區之建商
2539,櫻花建,55.96,上市建材營造,推案集中於大台中地區之建商
2540,愛山林,14.66,上市建材營造,甲山林旗下建商及代銷商
2542,興富發,129.10,上市建材營造,台灣前十大推案建商
2543,皇昌,24.20,上市建材營造,主要承攬公共工程之營造廠
2545,皇翔,32.77,上市建材營造,推案集中於大台北地區建商，知名推案為皇翔御琚
2546,根基,10.60,上市建材營造,冠德旗下住宅及土木工程營造廠
2547,日勝生,90.01,上市建材營造,以政府開發案起家，橫跨建築、百貨及觀光的中型建商
2548,華固,27.68,上市建材營造,大台北地區中型建商，並轉向地上權開發
2596,綠意,10.00,上櫃建材營造,桃園及台北地區小型建商
2597,潤弘,13.50,上市建材營造,潤泰集團旗下營造廠
2601,益航,74.60,上市貿易百貨,從事散裝航運，在大陸持有大洋百貨
2603,長榮,527.09,上市航運業,全球前四大貨櫃航商
2605,新興,58.54,上市航運業,台灣第二大散裝船商
2606,裕民,84.51,上市航運業,台灣最大散裝航運公司之一
2607,榮運,106.71,上市航運業,長榮集團旗之內陸貨櫃運輸及倉儲服務業者
2608,嘉里大榮,46.70,上市航運業,台灣第一大貨運公司，港資嘉里物流為最大股東
2609,陽明,333.21,上市航運業,台灣第二大貨櫃海運公司
2610,華航,542.10,上市航運業,台灣最大航空公司
2611,志信,17.18,上市航運業,多角化經營陸運、加油站、營建、飯店業務
2612,中航,19.75,上市航運業,台灣散裝航運業者，且是具規模的貨櫃運輸業者
2613,中櫃,14.84,上市航運業,在台灣北、中、南擁有貨櫃集散場之公司
2614,東森,55.68,上市其他,從港埠倉儲、散裝航運跨足休閒旅遊及數位媒體
2615,萬海,221.83,上市航運業,亞洲大型貨櫃輪航商
2616,山隆,13.73,上市油電燃氣,台灣第六大，加油站據點69座
2617,台航,41.73,上市航運業,大股東為中航之散裝航運業者
2618,長榮航,503.02,上市航運業,台灣第2大航空公司
2630,亞航,13.43,上市航運業,台灣專業航空器修護公司
2633,台灣高鐵,562.83,上市航運業,台灣高速鐵路運輸服務公司
2634,漢翔,94.19,上市航運業,從軍用戰機生產商轉型為飛機發動機機匣生產商
2636,台驊投控,13.07,上市航運業,台灣第一家海運承攬上市公司，並轉型為物流控股公司
2637,慧洋-KY,76.37,上市航運業,台灣具規模的散裝船隊船東之一
2640,大車隊,5.64,上櫃其他,台灣最大的計程車車隊業者
2641,正德,15.41,上櫃航運業,以亞洲近洋航線為主力之散裝航運業者
2642,宅配通,9.55,上市航運業,東元與日本通運合資成立的宅配服務業者
2643,捷迅,3.00,上櫃航運業,台灣承攬航空貨運、海運與報關業務之物流業者
2701,萬企,45.00,上市觀光,經營商場租賃、電影院及遊樂場業務
2702,華園,11.05,上市觀光,位於高雄六合夜市及愛河中心點的國際觀光飯店
2704,國賓,36.69,上市觀光,在台北、新竹、高雄等地經營五星級飯店
2705,六福,19.13,上市觀光,集團旗下擁有遊樂園、影城、渡假飯店及五星級飯店
2706,第一店,50.00,上市觀光,萬華企業集團旗下位於南京東路精華地帶之飯店
2707,晶華,12.74,上市觀光,國際五星級觀光飯店
2712,遠雄來,10.50,上市觀光,遠雄集團旗下位於花蓮海洋公園旁之五星級飯店
2718,晶悅,7.26,上櫃觀光,桃園市區一家過境旅館
2719,燦星旅,3.41,上櫃觀光,燦坤旗下旅遊公司
2722,夏都,11.15,上市觀光,官田鋼轉投資，位於台灣墾丁之觀光渡假飯店
2723,美食-KY,18.00,上市觀光,以「85度C」為品牌之咖啡烘焙連鎖店
2724,富驛-KY,7.93,上櫃觀光,大陸連鎖時尚商務酒店第一品牌
2726,雅茗-KY,3.65,上櫃觀光,在大陸以快樂檸檬品牌知名的台商茶飲料業者
2727,王品,7.70,上市觀光,連鎖餐飲集團，旗下擁有多個餐飲品牌
2729,瓦城,2.33,上櫃觀光,泰式料理連鎖餐廳
2731,雄獅,7.30,上市觀光,台灣營收規模最大之綜合旅行社
2732,六角,4.34,上櫃觀光,在全球80個城市擁有門市據點的外帶式茶飲與甜品供應商
2734,易飛網,3.03,上櫃觀光,聚焦於線上服務的旅遊業者
2736,高野,4.90,上櫃觀光,台東縣知本溫泉區的知名溫泉飯店
2739,寒舍,11.15,上市觀光,在台北經營管理五星級飯店及餐飲服務之業者
2740,天蔥,1.32,上櫃觀光,創始於台北天母地區的西式牛排連鎖餐廳
2743,山富,3.20,上櫃觀光,年出團達12000團以上之知名旅行社
2745,五福,2.93,上櫃觀光,所在地源自於高雄的國內前五大旅行社
2748,雲品,7.55,上市觀光,日月潭首家擁有天然溫泉的五星渡假飯店
2752,豆府,2.30,上櫃觀光,台灣規模最大韓式連鎖餐廳集團
2754,亞洲藏壽司,4.58,上櫃觀光,日式迴轉壽司連鎖店，擁有品牌「藏壽司」
2755,揚秦,2.00,上櫃觀光,連鎖.直營門市餐飲經營者，擁有品牌「麥味登」
2801,彰銀,1038.47,上市金融保險,台灣老牌銀行，為銀行界歷史悠久的三商銀之一
2809,京城銀,112.12,上市金融保險,京城建設入主台南中小企銀後改名之商業銀行
2812,台中銀,415.17,上市金融保險,中纖為大股東之中小型商業銀行
2816,旺旺保,22.36,上市金融保險,台灣產險業第一家上市公司，後由旺旺集團入主
2820,華票,134.30,上市金融保險,台灣前三大票券商
2823,中壽,473.14,上市金融保險,台灣市佔率前五大之壽險公司
2832,台產,36.22,上市金融保險,台灣歷史最悠久的中小型產險公司
2834,臺企銀,748.86,上市金融保險,台灣六大泛公股銀行之一
2836,高雄銀,112.96,上市金融保險,高雄市政府為第一大股東之區域型銀行
2838,聯邦銀,309.34,上市金融保險,三重幫林榮三家族為大股東之民營銀行
2841,台開,76.09,上市建材營造,2008年官股釋出後轉型為土地開發公司
2845,遠東銀,344.81,上市金融保險,遠東集團旗下之中小型商業銀行
2849,安泰銀,195.79,上市金融保險,私募基金隆力集團入主的中小型銀行
2850,新產,31.60,上市金融保險,新光集團旗下，為台灣前三大產險公司
2851,中再保,59.04,上市金融保險,長榮集團旗下，為台灣保險市場中唯一的本土再保險公司
2852,第一保,30.12,上市金融保險,台灣排名前十大的產險公司
2855,統一證,139.98,上市金融保險,為統一集團旗下券商，市佔排名前八大
2867,三商壽,250.20,上市金融保險,台灣排名前七大的壽險公司，隸屬三商集團
2880,華南金,1285.48,上市金融保險,以銀行為主體公營金控公司，為台灣銀行界歷史悠久的三商銀之一
2881,富邦金,1023.36,上市金融保險,台灣資產規模第二大的金控公司，旗下富邦產險為台灣最大產險公司
2882,國泰金,1316.92,上市金融保險,台灣資產規模最大金控公司，旗下國泰人壽為台灣最大壽險公司
2883,開發金,1498.99,上市金融保險,以投資銀行業務為主之金控，並藉購併跨入證券與商業銀行領域
2884,玉山金,1256.71,上市金融保險,以玉山銀行為主體的金控公司，旗下有票券及證券業務
2885,元大金,1213.74,上市金融保險,以證券為主體金控公司，旗下元大寶來證券為台灣最大券商
2886,兆豐金,1359.98,上市金融保險,具有國營背景的金控公司，旗下銀行為台灣第二大企業聯貸銀行
2887,台新金,1091.36,上市金融保險,以消費金融業務為主體之台灣金控公司
2888,新光金,1302.04,上市金融保險,以壽險為主體的金控公司，旗下新光人壽為台灣前五大保險公司
2889,國票金,289.65,上市金融保險,台灣唯一以票券業務為主體之金控公司
2890,永豐金,1127.11,上市金融保險,以銀行為主體的的大型金控，旗下另有證券、投信業務
2891,中信金,1949.70,上市金融保險,台灣資產規模前四大金控公司，旗下中信銀為最大信用卡發卡銀行
2892,第一金,1283.58,上市金融保險,台灣前三大官股金控公司，旗下銀行為業界歷史悠久的三商銀之一
2897,王道銀行,273.30,上市金融保險,台灣第一家工業銀行，現逐步轉型為商業銀行
2901,欣欣,7.30,上市貿易百貨,位於台北市中山區精華地段之百貨業者，退撫會為最大股東
2903,遠百,141.69,上市貿易百貨,隸屬遠東集團，合併SOGO百貨成為台灣規模最大的百貨業者
2904,匯僑,6.90,上市其他,台灣專業的石化倉儲廠
2905,三商,90.94,上市貿易百貨,轉投資子公司業務包含零售業、餐飲、壽險、製藥等
2906,高林,20.91,上市貿易百貨,為國內知名貿易商，並代理G2000、Nike等多項品牌服飾
2908,特力,50.99,上市貿易百貨,海內外家居用品專業貿易商，擁有特力屋、HOLA零售品牌賣場
2910,統領,20.87,上市貿易百貨,由百貨公司跨足至營建與餐飲業者
2911,麗嬰房,18.47,上市貿易百貨,台灣嬰幼童服飾第一大品牌
2912,統一超,103.96,上市貿易百貨,台灣經營7-11的第一大連鎖超商業者，為統一企業關係企業
2913,農林,79.00,上市貿易百貨,擁有自有茶園及以外銷茶葉至日本、澳洲為主的企業
2915,潤泰全,56.49,上市貿易百貨,中概內需股之一，集團旗下擁有「大潤發」及「歐尚」雙量販品牌
2916,滿心,5.46,上櫃貿易百貨,台灣第二大代理知名品牌服飾廠商
2923,鼎固-KY,174.03,上市建材營造,日月光轉投資的大陸房地產開發商
2924,東凌-KY,3.28,上櫃貿易百貨,以「黃色小鴨」品牌在兩岸經營嬰童產品
2926,誠品生活,4.74,上櫃文化創意,誠品集團旗下百貨通路及餐旅業者，亦跨足旅館產業
2928,紅馬-KY,4.73,上櫃觀光,日本最大伴手禮銷售公司
2929,淘帝-KY,10.95,上市貿易百貨,為中國大陸童裝前十大品牌廠
2936,客思達-KY,7.61,上市貿易百貨,北美地區第九大傢俱批發經銷商
2937,集雅社,3.29,上櫃貿易百貨,台灣影音家電產品之通?商
2939,凱羿-KY,4.55,上市貿易百貨,生活應用產品開發供應商
3002,歐格,10.20,"上市電子全部,上市電腦及週邊設備",產品以發電機電路板、電源保護器及旅行用插接器為主，主銷歐美
3003,健和興,15.57,"上市電子全部,上市電子零組件",台灣電工、3C產品端子製造商
3004,豐達科,5.26,上市鋼鐵,亞洲唯一合格航太扣件供應商
3005,神基,59.21,"上市電子全部,上市電腦及週邊設備",全球前三大軍工規電腦廠
3006,晶豪科,28.61,"上市電子全部,上市半導體",台灣利基型記憶體IC設計廠商
3008,大立光,13.41,"上市電子全部,上市光電",全球智慧型手機鏡頭龍頭廠
3010,華立,23.14,"上市電子全部,上市電子通路",電子材料與工程塑膠通路商
3011,今皓,11.27,"上市電子全部,上市電子零組件",3C產品之電源線供應大廠
3013,晟銘電,15.59,"上市電子全部,上市電腦及週邊設備",台灣電腦機殼OEM/ODM製造商
3014,聯陽,16.11,"上市電子全部,上市半導體",全球輸出入(I/O)控制IC領導廠商
3015,全漢,18.73,"上市電子全部,上市電子零組件",全球第十大交換式電源供應器廠商
3016,嘉晶,28.05,"上市電子全部,上市半導體",台灣專業磊晶矽晶圓業者
3017,奇鋐,35.33,"上市電子全部,上市電腦及週邊設備",全球最大PC散熱模組廠
3018,同開,7.31,"上市電子全部,上市其他電子",台灣無塵室及工廠、住宅機電系統整合工程之大廠
3019,亞光,28.11,"上市電子全部,上市光電",數位相機/光學鏡頭大廠
3021,鴻名,9.40,"上市電子全部,上市電子零組件",提供3C產品線材、連接器及電子元件廠商
3022,威強電,17.66,"上市電子全部,上市電腦及週邊設備",台灣知名工業電腦廠商
3023,信邦,23.29,"上市電子全部,上市電子零組件",為周邊線材、零件整合、組裝之設計製造整合服務供應商
3024,憶聲,27.72,"上市電子全部,上市光電",經營歌林品牌家電、轉投資「倍適得BEST」家電通路品牌
3025,星通,7.09,"上市電子全部,上市通信網路",台灣電信局端設備製造商
3026,禾伸堂,15.80,"上市電子全部,上市電子零組件",台灣MLCC大廠之一，並轉型為IC零組件通路商
3027,盛達,9.89,"上市電子全部,上市通信網路",以通訊設備和電源管理產品為主的供應商
3028,增你強,21.38,"上市電子全部,上市電子通路",台灣半導體元件代理通路商
3029,零壹,12.63,"上市電子全部,上市資訊服務",台灣最大的加值型網路代理商
3030,德律,23.62,"上市電子全部,上市其他電子",全球前五大電路板組裝測試設備商
3031,佰鴻,18.17,"上市電子全部,上市光電",台灣LED封裝暨紅外線傳輸模組廠商
3032,偉訓,11.33,"上市電子全部,上市電子零組件",台灣PC電源供應器及機殼製造廠，並跨入電競和LED照明領域
3033,威健,36.78,"上市電子全部,上市電子通路",從事電子零組件與周邊設備之代理經銷商
3034,聯詠,60.85,"上市電子全部,上市半導體",全球最大LCD驅動IC設計廠商
3035,智原,24.86,"上市電子全部,上市半導體",聯電體系的ASIC及設計IP廠，並為台灣最大USB IP廠
3036,文曄,79.13,"上市電子全部,上市電子通路",台灣前三大半導體IC通路商
3037,欣興,150.47,"上市電子全部,上市電子零組件",全球印刷電路板龍頭廠之一
3038,全台,16.24,"上市電子全部,上市光電",台灣中小尺寸面板模組廠
3040,遠見,6.30,上市其他,轉型為品牌授權、孵化創業投資、租賃及加值型服務為主
3041,揚智,19.39,"上市電子全部,上市半導體",專注於數位機上盒系統單晶片開發的領導廠商
3042,晶技,30.98,"上市電子全部,上市電子零組件",台灣最大石英元件、頻率控制元件廠商
3043,科風,19.49,"上市電子全部,上市其他電子",為保護電力產品及太陽能產品知名品牌廠商
3044,健鼎,52.56,"上市電子全部,上市電子零組件",全球前十大印刷電路板廠之一
3045,台灣大,351.24,"上市電子全部,上市通信網路",台灣前三大電信業者之一
3046,建碁,7.14,"上市電子全部,上市電腦及週邊設備",緯創轉投資數位看板廠
3047,訊舟,18.95,"上市電子全部,上市通信網路",兼營品牌(EDIMAX)與代工的網通設備廠
3048,益登,22.26,"上市電子全部,上市電子通路",台灣電子零組件代理商
3049,和鑫,80.69,"上市電子全部,上市光電",彩晶轉投資，為觸控感測器製造商
3050,鈺德,14.60,"上市電子全部,上市光電",錸德集團旗下台灣第一大預錄碟片大廠
3051,力特,32.53,"上市電子全部,上市光電",全球前十大偏光板供應商之一
3052,夆典,22.87,上市建材營造,提供工程整合服務之廠商
3054,立萬利,8.34,"上市電子全部,上市半導體",為記憶體模組廠，並跨足保健食品領域
3055,蔚華科,10.24,"上市電子全部,上市電子通路",主要代理半導體設備及消費品相關
3056,總太,21.21,上市建材營造,推案集中於中部地區之建商
3057,喬鼎,8.93,"上市電子全部,上市電腦及週邊設備",全球前十大RAID控制器及儲存解決方案供應商
3058,立德,16.19,"上市電子全部,上市電子零組件",以消費性網通應用為主的電源供應器廠
3059,華晶科,27.94,"上市電子全部,上市光電",數位影像解決方案供應商
3060,銘異,13.76,"上市電子全部,上市電腦及週邊設備",台灣最大硬碟零組件製造商，客戶涵蓋全球前兩大硬碟廠
3062,建漢,32.86,"上市電子全部,上市通信網路",鴻海投資的無線與寬頻網路設備製造商
3064,泰偉,2.67,上櫃文化創意,大型電玩機台遊戲開發商
3066,李洲,8.31,"上櫃電子全部,上櫃光電",台灣利基型LED封裝廠
3067,全域,2.90,"上櫃電子全部,上櫃其他電子",以Phonic為品牌行銷全球之專業音響廠商
3071,協禧,11.00,"上櫃電子全部,上櫃電腦及週邊設備",生產NB用散熱風扇及模組廠
3073,天方能源,1.71,"上櫃電子全部,上櫃半導體",轉型太陽能電廠經營
3078,僑威,22.74,"上櫃電子全部,上櫃電子零組件",全球clone市場上最大電源供應器製造商
3081,聯亞,9.14,"上櫃電子全部,上櫃通信網路",生產砷化鎵與磷化銦為基板的磊晶廠
3083,網龍,8.61,上櫃文化創意,智冠旗下線上遊戲開發商
3085,新零售,4.80,上櫃電子商務,為台灣第一家原生品牌電商公司
3086,華義,1.94,上櫃文化創意,台灣主要遊戲軟體業者
3088,艾訊,8.39,"上櫃電子全部,上櫃電腦及週邊設備",研華旗下工業電腦廠
3090,日電貿,17.87,"上市電子全部,上市電子零組件",全球各大品牌之被動元件代理商
3092,鴻碩,8.99,"上市電子全部,上市電子零組件",全球最大監視器用連接線供應商
3093,港建,3.63,"上櫃電子全部,上櫃其他電子",PCB、IC封裝及CD-R/DVD製程設備廠
3094,聯傑,8.46,"上市電子全部,上市半導體",聯電旗下嵌入式乙太網路IC設計廠商
3095,及成,10.93,"上櫃電子全部,上櫃通信網路",台灣鋁合金沖壓零件廠
3105,穩懋,42.40,"上櫃電子全部,上櫃半導體",全球最大砷化鎵晶圓代工廠
3114,好德,5.91,"上櫃電子全部,上櫃電子零組件",台灣電子零件通路商
3115,寶島極,4.37,"上櫃電子全部,上櫃電子零組件",從事磷銅球與電子零組件代理業務
3118,進階,3.25,上櫃生技醫療,台灣具規模的生醫實驗室儀器耗材通路商
3122,笙泉,3.83,"上櫃電子全部,上櫃半導體",提供有關MCU軟硬體全方位服務的廠商
3128,昇銳,4.20,"上櫃電子全部,上櫃光電",為監視系統領域之專業安全監控廠
3130,一零四,3.32,"上市電子全部,上市資訊服務",台灣人力資源網站第一品牌
3131,弘塑,2.92,"上櫃電子全部,上櫃其他電子",酸槽設備在台市占率第一名
3138,耀登,4.66,"上市電子全部,上市通信網路",台灣天線製造、儀器設備代理廠商
3141,晶宏,6.55,"上櫃電子全部,上櫃半導體",元太轉投資STN驅動IC廠
3144,新揚科,10.06,"上櫃電子全部,上櫃電子零組件",日本有澤(Arisawa)轉投資FCCL廠
3147,大綜,3.40,"上櫃電子全部,上櫃資訊服務",電腦軟硬體設備代理銷售及系統整合商
3149,正達,20.64,"上市電子全部,上市光電",鴻海集團旗下之玻璃加工龍頭廠商
3152,璟德,6.90,"上櫃電子全部,上櫃通信網路",台灣最大LTCC廠
3162,精確,12.65,上櫃電機機械,台灣鋁合金鍛造廠，以供應自行車零組件為主之廠商
3163,波若威,7.53,"上櫃電子全部,上櫃通信網路",台灣最大光纖被動元件代工廠
3164,景岳,8.63,"上市化學生技醫療,上市生技醫療",亞洲第一家益生菌原料藥GMP廠
3167,大量,8.01,上市電機機械,全球PCB成型機龍頭廠
3169,亞信,6.22,"上櫃電子全部,上櫃半導體",台灣乙太網路控制晶片廠
3171,新洲,6.67,上櫃貿易百貨,炎洲集團旗下的包材企業
3176,基亞,13.93,上櫃生技醫療,全球肝癌新藥領導廠，亦為亞洲唯一產銷HLA試劑的公司
3178,公準,4.51,上櫃電機機械,台灣供應半導體產業工、模、夾治具之專業設計加工廠商
3188,鑫龍騰,12.03,上櫃建材營造,轉型為不動產開發銷售業者
3189,景碩,45.08,"上市電子全部,上市半導體",全球第二大的FC CSP載板廠
3191,和進,5.72,"上櫃電子全部,上櫃電子零組件",變壓器線架專業生產商
3202,樺晟,11.72,"上櫃電子全部,上櫃電子零組件",台灣極細同軸線龍頭
3205,佰研,3.28,上櫃生技醫療,透過克緹直銷有機食品及保健食品
3206,志豐,5.39,"上櫃電子全部,上櫃電子零組件",耳機與蜂鳴器等電聲元件廠
3207,耀勝,4.38,"上櫃電子全部,上櫃電子零組件",變壓器及電感線圈製造生產商
3209,全科,18.92,"上市電子全部,上市電子通路",為專業通訊元件設計及通路商
3211,順達,14.75,"上櫃電子全部,上櫃電腦及週邊設備",全球第四大筆記型電腦電池組裝廠
3213,茂訊,5.87,"上櫃電子全部,上櫃電腦及週邊設備",全台最大NB通路與強固型NB生產商
3217,優群,9.01,"上櫃電子全部,上櫃電子零組件",轉型成為自製研發的連接器廠
3218,大學光,7.61,上櫃生技醫療,台灣最大視力健康連鎖集團
3219,倚強科,7.03,"上櫃電子全部,上櫃其他電子",轉型為自動化設備相關產品開發設計
3221,台嘉碩,10.29,"上櫃電子全部,上櫃通信網路",台灣最大表面聲波濾波器製造商
3224,三顧,5.80,"上櫃電子全部,上櫃電子通路",台灣電子材料批發銷售廠商並切入醫療美容產品服務
3226,至寶電,6.44,上櫃電機機械,主業轉型及切入LED車燈模組領域
3227,原相,14.31,"上櫃電子全部,上櫃半導體",為CMOS影像感測器及數位影像應用IC領導廠商
3228,金麗科,6.78,"上櫃電子全部,上櫃半導體",有線、無線網路之x86相容CPU解決方案廠商
3229,晟鈦,9.35,"上市電子全部,上市電子零組件",以小量多樣為主PCB廠
3230,錦明,5.90,"上櫃電子全部,上櫃光電",生產液晶螢幕金屬機構模具廠
3231,緯創,290.36,"上市電子全部,上市電腦及週邊設備",全球前五大NB代工廠
3232,昱捷,3.66,"上櫃電子全部,上櫃電子通路",台灣IC通路商，並佈局NMT射出加工技術
3234,光環,7.65,"上櫃電子全部,上櫃通信網路",光收發模組上游晶粒及封裝廠
3236,千如,9.29,"上櫃電子全部,上櫃電子零組件",台灣SMD晶片電感廠
3252,海灣,5.02,上櫃觀光,知名海邊渡假飯店
3257,虹冠電,7.27,"上市電子全部,上市半導體",台灣AC-DC類比電源管理IC領導廠
3259,鑫創,6.47,"上櫃電子全部,上櫃半導體",轉型為MEMS麥克風IC設計廠
3260,威剛,25.38,"上櫃電子全部,上櫃半導體",全球第二大記憶體模組廠
3264,欣銓,49.02,"上櫃電子全部,上櫃半導體",主攻晶圓測試，台灣前三大IC測試廠之一
3265,台星科,13.63,"上櫃電子全部,上櫃半導體",淡馬錫控股之IC封測廠
3266,昇陽,35.23,上市建材營造,推案集中於大台北地區之建商
3268,海德威,3.34,"上櫃電子全部,上櫃半導體",台灣消費性IC韌體設計廠
3272,東碩,5.55,"上櫃電子全部,上櫃電腦及週邊設備",全球PC/行動裝置擴充基座龍頭廠
3276,宇環,6.97,"上櫃電子全部,上櫃電子零組件",志超轉投資軟板與PCB代工業者
3284,太普高,5.60,上櫃其他,台灣最大預塗式感光平版(PS版)廠
3285,微端,4.27,"上櫃電子全部,上櫃其他電子",數位影音產品與LCD模組製造商
3287,廣寰科,4.40,"上櫃電子全部,上櫃電腦及週邊設備",「GAMDIAS」電競周邊產品品牌商
3288,點晶,2.27,"上櫃電子全部,上櫃電子零組件",LED、馬達驅動應用的類比IC設計廠商
3289,宜特,9.36,"上櫃電子全部,上櫃其他電子",台灣IC設計驗証服務市場龍頭
3290,東浦,9.95,"上櫃電子全部,上櫃電子零組件",塑膠精密元件模具廠及光學透明鏡片等專業代工
3293,鈊象,7.05,上櫃文化創意,台灣最大商用遊戲機開發商
3294,英濟,13.20,"上櫃電子全部,上櫃電子零組件",專營塑膠零組件射出與模具廠
3296,勝德,9.67,"上市電子全部,上市電子零組件",以PC應用為主的電源保護器廠
3297,杭特,3.68,"上櫃電子全部,上櫃光電",中低階安全監控設備廠商
3303,岱稜,9.61,"上櫃電子全部,上櫃其他電子",全球前三大的燙金箔領導商
3305,昇貿,12.32,"上市電子全部,上市其他電子",半導體封裝材料之錫膏、錫球生產商
3306,鼎天,5.06,"上櫃電子全部,上櫃通信網路",廣達轉投資的GPS及個人導航廠商
3308,聯德,9.86,"上市電子全部,上市電子零組件",台灣PC電源供應器供應商
3310,佳穎,5.03,"上櫃電子全部,上櫃電子零組件",台灣LED導線架及沖壓零件供應商
3311,閎暉,6.80,"上市電子全部,上市通信網路",聚焦於車用零組件及機構整合元件
3312,弘憶股,12.51,"上市電子全部,上市電子通路",為半導體零件代理商，主要代理瑞昱之通訊相關元件
3313,斐成,9.88,上櫃其他,大宗原物料買賣、家畜禽飼養及販售
3317,尼克森,6.13,"上櫃電子全部,上櫃半導體",台灣電源管理功率元件公司
3321,同泰,15.61,"上市電子全部,上市電子零組件",欣興、台表科轉投資的軟板公司
3322,建舜電,9.85,"上櫃電子全部,上櫃電子零組件",台灣連接元件及電子週邊元件廠
3323,加百裕,8.03,"上櫃電子全部,上櫃電腦及週邊設備",台灣三大NB電池模組廠之一
3324,雙鴻,8.84,"上櫃電子全部,上櫃其他電子",台灣前二大散熱模組廠商
3325,旭品,8.46,"上櫃電子全部,上櫃電腦及週邊設備",主要生產電腦機殼及電源供應器
3332,幸康,4.81,"上櫃電子全部,上櫃電子零組件",台灣專攻工業電源供應器廠，主銷歐美市場
3338,泰碩,8.79,"上市電子全部,上市電子零組件",台灣生產散熱器及PC用連接器廠
3339,泰谷,4.33,"上櫃電子全部,上櫃光電",台灣專業生產綠光、藍光、紫外光LED磊晶片及晶粒供應廠
3346,麗清,9.65,上市汽車,LED車燈模組製造廠
3354,律勝,7.01,"上櫃電子全部,上櫃電子零組件",台灣軟式印刷電路板基材製造商
3356,奇偶,8.98,"上市電子全部,上市光電",台灣專業安控廠，擁有自有品牌GeoVision
3357,臺慶科,10.31,"上櫃電子全部,上櫃電子零組件",台灣全系列電感元件製造商
3360,尚立,6.87,"上櫃電子全部,上櫃電子通路",主要代理SONY與SHARP的CMOS/CIS元件與面板為主
3362,先進光,13.15,"上櫃電子全部,上櫃光電",台灣光學鏡頭研發及製造廠商
3363,上詮,8.71,"上櫃電子全部,上櫃通信網路",台灣光纖被動元件大廠
3372,典範,17.21,"上櫃電子全部,上櫃半導體",記憶卡、影像感測元件封裝廠
3373,熱映,4.33,"上櫃電子全部,上櫃其他電子",主營紅外線精密量測技術產品
3374,精材,27.14,"上櫃電子全部,上櫃半導體","台積電旗下,台灣首家3D堆疊晶圓級封裝量產廠商"
3376,新日興,19.25,"上市電子全部,上市電子零組件",全球第一大NB樞紐供應商
3379,彬台,3.80,上櫃電機機械,台灣食品飲料機械設備供應大廠
3380,明泰,54.17,"上市電子全部,上市通信網路",佳世達轉投資的網通設備代工大廠
3383,新世紀,7.00,"上市電子全部,上市光電",群光集團旗下LED晶粒廠
3388,崇越電,7.41,"上櫃電子全部,上櫃電子零組件",台灣矽利光產品專業代理通路商
3390,旭軟,6.75,"上櫃電子全部,上櫃電子零組件",專攻LCM模組的軟板廠
3402,漢科,7.30,"上櫃電子全部,上櫃其他電子",專注於特殊氣體輸配工程設備廠商
3406,玉晶光,11.19,"上市電子全部,上市光電",生產玻璃鏡片，球面片及非球面塑膠鏡片鏡頭廠商
3413,京鼎,8.78,"上市電子全部,上市半導體",鴻海集團旗下專注於半導體設備的廠商
3416,融程電,7.25,"上市電子全部,上市電腦及週邊設備",專攻工業電腦用顯示器廠
3419,譁裕,12.05,"上市電子全部,上市通信網路",全球最大的WiFi天線製造商
3426,台興,2.64,上櫃電機機械,台灣專業電磁閥製造商
3432,台端,6.66,"上市電子全部,上市電子零組件",連接器以應用NB、手機、卡類、汽車為主之製造商
3434,哲固,2.27,"上櫃電子全部,上櫃光電",台灣安全監控顯示器廠商
3437,榮創,14.45,"上市電子全部,上市光電",鴻海旗下LED封裝廠
3438,類比科,4.72,"上櫃電子全部,上櫃半導體",台灣面板電源管理IC龍頭
3441,聯一光,4.00,"上櫃電子全部,上櫃光電",台灣光學鏡頭上游專業光學毛胚廠
3443,創意,13.40,"上市電子全部,上市半導體",台積電轉投資之設計IP廠
3444,利機,3.91,"上櫃電子全部,上櫃電子通路",台灣電子材料通路商
3450,聯鈞,14.57,"上市電子全部,上市半導體",全球最大雷射二極體封測代工廠
3454,晶睿,8.70,"上市電子全部,上市光電",全球IP Camera製造大廠
3455,由田,6.15,"上櫃電子全部,上櫃光電",台灣最大光學檢測設備製造商
3465,進泰電子,3.22,"上櫃電子全部,上櫃電子零組件",轉型音響OEM/ODM製造商
3466,致振,6.09,"上櫃電子全部,上櫃通信網路",台灣機上盒製造廠
3479,安勤,7.06,"上櫃電子全部,上櫃電腦及週邊設備",仁寶集團旗下工業電腦廠
3481,群創,1047.09,"上市電子全部,上市光電",全球知名面板大廠
3483,力致,7.07,"上櫃電子全部,上櫃電腦及週邊設備",具風扇及熱導管自製能力的散熱廠商
3484,崧騰,6.97,"上櫃電子全部,上櫃電子零組件",全球第三大工具機開關領導廠商
3489,森寶,8.31,上櫃建材營造,轉型為營建商，推案集中在新北市地區
3490,單井,5.70,"上櫃電子全部,上櫃光電",台灣半導體封裝模具、自動化設備及太陽能系統安裝廠商
3491,昇達科,6.22,"上櫃電子全部,上櫃通信網路",台灣唯一生產微波通訊被動元件廠商
3492,長盛,3.55,"上櫃電子全部,上櫃電子零組件",台灣連接器與線組製造商
3494,誠研,17.95,"上市電子全部,上市電腦及週邊設備",熱昇華式數位相片印表機供應商
3498,陽程,6.35,"上櫃電子全部,上櫃其他電子",台灣TFT、PCB、環境工程及物流等自動化設備廠
3499,環天科,5.50,"上櫃電子全部,上櫃通信網路",台灣GPS相關應用製造業者
3501,維熹,11.83,"上市電子全部,上市電子零組件",正崴集團之連接線廠
3504,揚明光,11.41,"上市電子全部,上市光電",背投電視及投影機用光機引擎生產廠商
3508,位速,10.22,"上櫃電子全部,上櫃其他電子",手機外殼電鍍、濺鍍與塗裝之表面處理專業廠
3511,矽瑪,8.00,"上櫃電子全部,上櫃電子零組件",台灣唯一有能力生產手機防水耳機連接器廠商
3512,皇龍,8.40,"上櫃電子全部,上櫃電子零組件",從事散熱片設計製造及營建事業
3515,華擎,12.06,"上市電子全部,上市電腦及週邊設備",華碩旗下專攻低階MB品牌廠
3516,亞帝歐,5.06,"上櫃電子全部,上櫃光電",轉型為LED照明廠商
3518,柏騰,8.08,"上市電子全部,上市其他電子",為台灣第一家具備低溫真空濺鍍之專業廠商
3520,華盈,4.88,"上櫃電子全部,上櫃電子零組件",台灣連接線材及網通資安設備供應商
3521,鴻翊,4.73,"上櫃電子全部,上櫃電腦及週邊設備",台灣POS硬體系統服務製造商
3522,御頂,7.26,上櫃觀光,連鎖餐飲事業，擁有頂鮮餐廳及晶宴會館
3523,迎輝,10.30,"上櫃電子全部,上櫃光電",轉型為3D電影銀幕製造、量子點膜以及工控ITO導電膜
3526,凡甲,5.58,"上櫃電子全部,上櫃電子零組件",以NB為主要應用的連接器廠
3527,聚積,4.44,"上櫃電子全部,上櫃半導體",全球第一大LED顯示屏驅動IC設計廠
3528,安馳,6.56,"上市電子全部,上市電子通路",台灣前5大IC通路商
3529,力旺,7.61,"上櫃電子全部,上櫃半導體",FLASH記憶體晶片之矽智財廠
3530,晶相光,7.81,"上市電子全部,上市半導體",力晶與OmniVision合資之CMOS影像感測元件廠
3531,先益,6.12,"上櫃電子全部,上櫃光電",LED中小尺寸背光模組專業製造廠
3532,台勝科,38.78,"上市電子全部,上市半導體",台塑與Sumco合資成立的矽晶圓製造商
3533,嘉澤,10.35,"上市電子全部,上市電子零組件",全球前三大CPU Socket製造商
3535,晶彩科,7.91,"上市電子全部,上市光電",台灣LCD全製程檢測設備廠
3536,誠創,10.68,"上市電子全部,上市半導體",轉型為二極體製造商
3537,堡達,5.36,"上櫃電子全部,上櫃電子零組件",主要為Panasonic被動元件代理通路商
3540,曜越,6.66,"上櫃電子全部,上櫃電腦及週邊設備",專攻Clone遊戲玩家市場之電競週邊設備製造商
3541,西柏,5.68,"上櫃電子全部,上櫃其他電子",台灣最大智慧型影音訊號解決方案商
3543,州巧,8.93,"上市電子全部,上市光電",專注LCD TV面板沖壓件製造商
3545,敦泰,21.63,"上市電子全部,上市半導體",台灣中小尺寸LCD驅動IC廠
3546,宇峻,4.59,上櫃文化創意,線上遊戲開發商
3548,兆利,6.01,"上櫃電子全部,上櫃電子零組件",全球前三大NB樞紐生產商
3550,聯穎,8.50,"上市電子全部,上市電子零組件",3C影音傳輸線材專業供應商
3551,世禾,5.68,"上櫃電子全部,上櫃其他電子",台灣半導體與光電設備清洗龍頭廠
3552,同致,8.56,"上櫃電子全部,上櫃其他電子",全球知名倒車雷達大廠
3555,重鵬,3.56,"上櫃電子全部,上櫃半導體",記憶體產品及生技產品之銷售
3556,禾瑞亞,5.95,"上櫃電子全部,上櫃半導體",禾伸堂旗下觸控面板IC設計廠
3557,嘉威,7.23,上市其他,家居餐飲用品貿易商
3558,神準,4.91,"上櫃電子全部,上櫃通信網路",神腦轉投資的無線網路設備大廠
3563,牧德,4.47,"上市電子全部,上市光電",台灣最大的PCB光學檢測設備供應商
3564,其陽,5.91,"上櫃電子全部,上櫃通信網路",友通轉投資的網路安全設備廠
3567,逸昌,3.41,"上櫃電子全部,上櫃半導體",專注類比與混合訊號IC測試廠
3570,大塚,1.71,"上櫃電子全部,上櫃資訊服務",工程繪圖CAD/CAM/CAE/CAID軟體代理商
3576,聯合再生,266.50,"上市電子全部,上市光電",台灣太陽能電池模組龍頭
3577,泓格,5.29,"上櫃電子全部,上櫃電腦及週邊設備",專攻PAC遠端控制器的IPC廠
3580,友威科,3.95,"上櫃電子全部,上櫃其他電子",台灣真空設備與真空濺鍍供應商
3581,博磊,5.10,"上櫃電子全部,上櫃半導體",國內提供封裝測試設備及治具之專業製造商
3583,辛耘,8.11,"上市電子全部,上市半導體",半導體製程設備及再生晶圓廠商
3587,閎康,6.23,"上櫃電子全部,上櫃其他電子",台灣材料分析及可靠性驗證服務廠
3588,通嘉,4.78,"上市電子全部,上市半導體",台灣少數跨AC/DC及DC/DC的電源管理IC設計廠商
3591,艾笛森,12.26,"上市電子全部,上市光電",台灣最大高功率LED產品設計製造廠商
3593,力銘,9.30,"上市電子全部,上市電子零組件",轉型主攻塑膠射出成型
3594,磐儀,7.32,"上櫃電子全部,上櫃電腦及週邊設備",專攻系統產品的工業電腦廠
3596,智易,20.84,"上市電子全部,上市通信網路",仁寶集團轉投資寬頻設備製造廠
3597,映興,3.51,"上櫃電子全部,上櫃電子零組件",台灣電子零組件製造及代理商
3605,宏致,12.24,"上市電子全部,上市電子零組件",台灣NB連接器大廠
3607,谷崧,12.17,"上市電子全部,上市電子零組件",專營3C塑膠零組件、模具等表面處理廠
3609,東林,3.07,"上櫃電子全部,上櫃電子零組件",台灣電子安定器廠
3611,鼎翰,4.25,"上櫃電子全部,上櫃電腦及週邊設備",台半轉投資的台灣最大條碼印表機製造廠
3615,安可,6.85,"上櫃電子全部,上櫃光電",錸德轉投資的ITO導電玻璃專業鍍膜廠
3617,碩天,8.10,"上市電子全部,上市其他電子",北美地區UPS市場前三大品牌之一
3622,洋華,15.13,"上市電子全部,上市光電",台灣中小尺寸觸控面板廠
3623,富晶通,2.92,"上櫃電子全部,上櫃光電",中環與富士通合資之觸控面板廠
3624,光頡,11.73,"上櫃電子全部,上櫃電子零組件",被動元件薄膜製程電阻元件廠
3625,西勝,8.54,"上櫃電子全部,上櫃電腦及週邊設備",可攜式產品之電池模組及充電器供應商
3628,盈正,4.50,"上櫃電子全部,上櫃其他電子",專注於生產中.大.微型UPS之廠商
3629,地心引力,3.22,上櫃文化創意,轉型為手機遊戲代理運營商
3630,新鉅科,18.42,"上櫃電子全部,上櫃光電",台灣感測鏡頭供應商
3631,晟楠,8.18,"上櫃電子全部,上櫃電子零組件",錫條、錫絲、錫膏及鉛助焊劑供應商
3632,研勤,4.09,"上櫃電子全部,上櫃通信網路",以PAPAGO為品牌之行車紀錄器及導航軟體廠商
3642,駿熠電,4.04,"上櫃電子全部,上櫃其他電子",NB及手機按鍵大廠，並切入散熱片產品
3645,達邁,13.08,"上市電子全部,上市電子零組件",全球第四大聚醯亞胺薄膜生產廠商
3646,艾恩特,3.93,"上櫃電子全部,上櫃電子零組件",台灣NB、DC用連結器大廠
3652,精聯,4.71,"上櫃電子全部,上櫃電腦及週邊設備",台灣自動資料收集ADC大廠
3653,健策,12.22,"上市電子全部,上市電子零組件",全球最大遊戲抗均熱片供應商
3661,世芯-KY,7.03,"上市電子全部,上市半導體",全球ASIC及設計IP業者
3663,鑫科,7.35,"上櫃電子全部,上櫃其他電子",屬中鋼集團之台灣前兩大濺鍍靶材廠
3664,安瑞-KY,5.11,"上櫃電子全部,上櫃通信網路",雲端ADC設備廠
3665,貿聯-KY,13.36,"上市電子全部,上市其他電子",Tesla電池線束獨家供應商
3666,光耀,5.86,"上櫃電子全部,上櫃光電",為光群雷轉投資之聚光片廠
3669,圓展,9.29,"上市電子全部,上市通信網路",圓剛轉投資之視訊會議與教學簡報系統供應商
3672,康聯訊,3.23,"上櫃電子全部,上櫃通信網路",台灣光纖網路設備製造商
3673,TPK-KY,40.67,"上市電子全部,上市光電",全球最大玻璃投射電容觸控模組廠
3675,德微,4.44,"上櫃電子全部,上櫃半導體",台灣整流二極體供應商
3679,新至陞,6.26,"上市電子全部,上市電子零組件",為塑膠模具設計及射出廠商
3680,家登,8.41,"上櫃電子全部,上櫃半導體",台灣半導體光罩及晶圓傳載供應商
3682,亞太電,381.72,"上市電子全部,上市通信網路",隸屬鴻海集團的台灣第四大電信業者
3684,榮昌,2.46,"上櫃電子全部,上櫃通信網路",高頻連接線及無線通訊整合次系統廠商
3685,元創精密,8.00,上櫃電機機械,車用導光板及沖焊零件供應商
3686,達能,11.35,"上市電子全部,上市半導體",台灣太陽能多晶矽晶片製造商
3687,歐買尬,3.01,上櫃電子商務,第三方金流服務及遊戲代理商
3689,湧德,6.97,"上櫃電子全部,上櫃電子零組件",主要生產DT主機板、網通用連接器
3691,碩禾,6.59,"上櫃電子全部,上櫃光電",國碩轉投資太陽能導電漿大廠
3693,營邦,3.85,"上櫃電子全部,上櫃電腦及週邊設備",台灣伺服器及工業電腦之機殼廠
3694,海華,15.04,"上市電子全部,上市通信網路",華碩旗下無線網路模組公司
3701,大眾控,19.03,"上市電子全部,上市電腦及週邊設備",大眾集團之控股公司
3702,大聯大,167.91,"上市電子全部,上市電子通路",全球前三大IC通路商
3703,欣陸,82.32,上市建材營造,由大陸建設換股成立之建設、營造控股公司
3704,合勤控,44.84,"上市電子全部,上市通信網路",兼營品牌「ZyXEL」與代工業務之網通設備廠
3705,永信,26.64,"上市化學生技醫療,上市生技醫療",台灣最大製藥及健康科技之控股公司
3706,神達,120.66,"上市電子全部,上市電腦及週邊設備",控股子公司從事伺服器、儲存設備、GPS等業務
3707,漢磊,31.39,"上櫃電子全部,上櫃半導體",中小型晶圓代工與磊晶供應商
3708,上緯投控,9.35,"上市化學生技醫療,上市化工",全球第二、亞洲最大環保耐蝕樹脂商
3709,鑫聯大投控,7.96,"上櫃電子全部,上櫃電腦及週邊設備",台灣主要資訊通訊通路代理商之一
3710,連展投控,21.20,"上櫃電子全部,上櫃電子零組件",手機隱藏式天線及I/O連接器廠
3711,日月光投控,438.24,"上市電子全部,上市半導體",日月光及矽品規劃籌組新投資控股公司
3712,永崴投控,24.62,"上市電子全部,上市電腦及週邊設備",勁永、崴強、光燿科合併設立控股公司
3713,新晶投控,7.81,"上櫃電子全部,上櫃光電",股份轉換成立，旗下100%持股頂晶科
3714,富采,68.53,"上市電子全部,上市光電",晶電、隆達股份轉換而設立的投資控股公司
4102,永日,4.24,上櫃生技醫療,永信製藥旗下原料藥廠
4104,佳醫,14.11,"上市化學生技醫療,上市生技醫療",台灣最大洗腎相關儀器及耗材代理商
4105,東洋,24.87,上櫃生技醫療,台灣最大抗癌症藥廠
4106,雃博,10.09,"上市化學生技醫療,上市生技醫療",亞洲最大防褥瘡氣墊床廠
4107,邦特,6.93,上櫃生技醫療,台灣血液迴路管、穿刺針龍頭
4108,懷特,19.86,"上市化學生技醫療,上市生技醫療",美吾華旗下植物新藥研發公司
4109,加捷生醫,8.89,上櫃生技醫療,台灣最大甲魚相關保健食品廠
4111,濟生,5.70,上櫃生技醫療,主要從事血液透析濃縮液產品開發
4113,聯上,21.11,上櫃建材營造,聯上集團旗下建商，負責南部推案
4114,健喬,28.08,上櫃生技醫療,台灣主要學名藥產銷及代理商
4116,明基醫,4.46,上櫃生技醫療,明基旗下醫療器材及手術設備供應商
4119,旭富,7.95,"上市化學生技醫療,上市生技醫療",全球最大苯丙酮中間體供應商
4120,友華,8.67,上櫃生技醫療,台灣最大玻尿酸代理進口商
4121,優盛,7.93,上櫃生技醫療,全球前三大電子式血壓計製造商
4123,晟德,45.93,上櫃生技醫療,台灣最大水劑製造商
4126,太醫,7.26,上櫃生技醫療,醫療耗材、導管及醫院氣器及相關工程大廠
4127,天良,4.58,上櫃生技醫療,以天良牌、鐵獅牌銷售保健品及代理諾得膠囊廠商
4128,中天,42.53,上櫃生技醫療,台灣首家符合GMP之發酵中藥廠，並經營棉花田有機食品通路
4129,聯合,7.81,上櫃生技醫療,台灣主要骨科植入物及器材廠商
4130,健亞,10.79,上櫃生技醫療,學名藥代工及新藥研發廠
4131,晶宇,4.83,上櫃生技醫療,高分子生物檢驗晶片廠
4133,亞諾法,6.06,"上市化學生技醫療,上市生技醫療",全球最大的抗體及重組蛋白生產商
4137,麗豐-KY,7.95,"上市化學生技醫療,上市生技醫療",克麗緹娜品牌之美容護膚產品通路商
4138,曜亞,3.00,上櫃生技醫療,佳醫旗下台灣最大醫學美容器材代理商
4139,馬光-KY,4.25,上櫃生技醫療,新加坡中醫醫療連鎖機構龍頭
4141,龍燈-KY,17.51,"上市化學生技醫療,上市生技醫療",全球知名植物保護劑大廠
4142,國光生,42.95,"上市化學生技醫療,上市生技醫療",亞洲唯一獲得歐盟GMP認證之流感疫苗商
4147,中裕,25.22,上櫃生技醫療,專注於愛滋新藥研發
4148,全宇生技-KY,6.40,"上市化學生技醫療,上市生技醫療",馬來西亞生化複合肥料龍頭廠商
4152,台微體,8.42,上櫃生技醫療,利用微脂體技術研發新藥之廠商
4153,鈺緯,6.18,上櫃生技醫療,主要從事醫療及工業顯示器生產
4154,康樂-KY,3.03,上櫃生技醫療,馬來西亞機能性飲品龍頭
4155,訊映,9.49,"上市化學生技醫療,上市生技醫療",血糖儀、血糖試片、居家醫療器材廠商
4157,太景*-KY,0.01,上櫃生技醫療,小分子創新化合物新藥研發廠
4160,創源,2.42,上櫃生技醫療,訊聯旗下國內第一家基因檢測上櫃公司
4161,聿新科,5.27,上櫃生技醫療,血糖測試設備及保養品研發，並利用福壽螺萃取物開發天然蝦紅素
4162,智擎,14.66,上櫃生技醫療,胰臟癌新藥MM-398已取得台灣及美國藥證
4163,鐿鈦,4.83,上櫃生技醫療,精密扣件起家並成功轉型醫療手術機械之廠商
4164,承業醫,15.73,"上市化學生技醫療,上市生技醫療",台灣最大腫瘤醫學設備代理商
4167,松瑞藥,30.15,上櫃生技醫療,全球前三大培南類抗生素原料藥供應商
4168,醣聯,9.75,上櫃生技醫療,尖端醫轉投資醣質標靶藥物研發廠
4171,瑞基,4.79,上櫃農業科技業,全球最大蝦類白點病毒檢測試劑廠
4173,久裕,7.46,上櫃生技醫療,佳醫旗下藥品經銷物流商
4174,浩鼎,19.93,上櫃生技醫療,潤泰集團旗下擁有OPopS技術平台的醣基新藥研發公司
4175,杏一,3.16,上櫃生技醫療,台灣醫療用品連鎖服務通路
4183,福永生技,2.38,上櫃生技醫療,台灣血糖測試設備商
4188,安克,5.32,上櫃生技醫療,懷特旗下電腦輔助診斷軟體研發廠
4190,佐登-KY,6.09,"上市化學生技醫療,上市生技醫療",研發生產、銷售保養品及課程服務之跨國美容美體集團
4192,杏國,11.51,上櫃生技醫療,杏輝旗下植物新藥研發廠
4198,欣大健康,6.55,上櫃生技醫療,高階數位X光機及骨質密度檢測設備廠
4205,中華食,8.07,上櫃食品,中華豆腐及豆花製造廠
4207,環泰,16.21,上櫃食品,台灣三大果糖廠之一
4303,信立,7.00,上櫃塑膠,植毛絨布及PVC皮居領導地位之廠商
4304,勝昱,3.60,上櫃塑膠,台灣EMI電磁波屏隔材料第一大廠
4305,世坤,5.50,上櫃塑膠,專業PVC軟質膠布廠
4306,炎洲,57.59,上市塑膠,全球第一大PVC膠帶生產商
4401,東隆興,12.03,上櫃紡織纖維,亞洲最大的尼龍66線紗供應商
4402,福大,4.60,上櫃紡織纖維,經營紡織及太陽能電站業務
4406,新昕纖,5.19,上櫃紡織纖維,為特殊規格加工絲的中小型假撚廠
4413,飛寶企業,3.13,上櫃紡織纖維,主要經營長纖布業務
4414,如興,81.89,上市紡織纖維,年興轉投資之國內知名成衣代工製造商之一
4416,三圓,6.04,上櫃建材營造,從事國民住宅興建及出租出售業務
4417,金洲,8.40,上櫃紡織纖維,全球第一大漁網生產商
4419,元勝,4.66,上櫃紡織纖維,氣撚加工絲廠並跨入資訊安全領域
4420,光明,4.05,上櫃紡織纖維,台灣最大新娘禮服布製造廠
4426,利勤,17.27,上市紡織纖維,3D立體織物之專業生產商
4429,聚紡,3.44,上櫃紡織纖維,全球最大透濕防水布料代工廠
4430,耀億,5.63,上櫃其他,全球第一大之網球拍線製造商
4432,銘旺實,5.06,上櫃紡織纖維,主要客戶為Adidas、Reebok等運動服大廠
4433,興采,4.70,上櫃紡織纖維,首創環保咖啡紗的功能性布料領導商
4438,廣越,10.34,上市紡織纖維,為國際知名運動品牌之羽絨服製造商
4439,冠星-KY,3.15,上市紡織纖維,adidas運動服飾品牌最大的短纖布料供應商
4502,健信,5.08,上櫃電機機械,台灣主要汽車鋼圈及鋁圈廠
4503,金雨,3.93,上櫃電機機械,台灣最大自動販賣機製造廠
4506,崇友,17.70,上櫃電機機械,台灣前三大電梯製造商
4510,高鋒,10.80,上櫃電機機械,台灣從事生產切削機及龍門機廠商
4513,福裕,7.69,上櫃電機機械,台灣最大磨床廠商
4523,永彰,6.40,上櫃電機機械,永大轉投資汽車空調OEM廠商
4526,東台,25.48,上市電機機械,台灣第一個具有雷射鑽孔機技術的工具機廠商
4527,方土霖,7.62,上櫃電機機械,為冰水主機與空調設備製造商，台灣市佔率達50%
4528,江興鍛,7.65,上櫃電機機械,台灣汽車傳動系統零件鍛造廠
4529,淳紳,8.66,上櫃其他,轉型為電動車製造商
4530,宏易,4.62,上櫃電機機械,公司轉型為汽車零件及咖啡產業事業
4532,瑞智,50.49,上市電機機械,全球前四大壓縮機廠
4533,協易機,15.84,上櫃電機機械,台灣沖床大廠
4534,慶騰,9.10,上櫃電機機械,為台灣粉末冶金及齒輪箱設計開發知名廠商
4535,至興,7.57,上櫃電機機械,台灣最大汽機車精密沖壓零件廠
4536,拓凱,9.08,上市其他,全球知名碳纖維網球拍生產商
4538,大詠城,5.05,上櫃電機機械,台灣工具機鑄件廠
4540,全球傳動,9.42,上市電機機械,台灣知名的精密滾珠螺桿廠
4541,晟田,6.76,上櫃其他,台灣唯一生產飛機起落架零組件廠商
4542,科嶠,2.83,"上櫃電子全部,上櫃電子零組件",PCB用自動化乾燥設備製造大廠
4543,萬在,5.70,上櫃電機機械,專供AM市場汽車空調與引擎冷卻系統零件製造廠
4545,銘鈺,7.70,"上市電子全部,上市電子零組件",銘異轉投資硬碟機音圈馬達廠商
4549,桓達,4.24,上櫃電機機械,台灣最大製程自動化感測器廠
4550,長佳,3.78,上櫃電機機械,專業的機電工程整合公司
4551,智伸科,11.77,上市汽車,汽車動力及安全零組件大廠商
4552,力達-KY,11.60,上市電機機械,大陸通用型空氣壓縮機品牌領導廠商
4554,橙的,2.14,"上櫃電子全部,上櫃其他電子",胎壓偵測器在北美市佔率達7%以上
4555,氣立,6.70,上市電機機械,台灣氣壓自動化零組件廠商
4556,旭然,4.19,上櫃其他,台灣最大的工業過濾設備製造商
4557,永新-KY,3.98,上市汽車,北美最大AM汽車?車總分泵之零件供應商
4560,強信-KY,6.82,上市電機機械,全球工業縫紉機零配件大廠
4561,健椿,5.85,上櫃電機機械,台灣最大精密主軸製造廠
4562,穎漢,6.75,上市電機機械,全球第一大金屬彎管機製造商
4563,百德,5.50,上櫃電機機械,為台灣老字號的綜合加工機製造廠商
4564,元翎,18.28,上市電機機械,全球前二大迷你高壓氣體鋼瓶製造廠
4566,時碩工業,7.18,上市電機機械,台灣精密金屬零件加工廠商
4568,科際精密,3.04,上櫃電機機械,專業微型泵浦生產廠商
4571,鈞興-KY,4.84,上市電機機械,專業生產客製化齒輪廠商
4572,駐龍,3.58,上市電機機械,鋁合金全製程的飛機結構與引擎組件製造廠
4576,大銀微系統,11.86,上市電機機械,為全球最大之半導體?米級?密定位系統製造商
4580,捷流閥業,3.91,上櫃電機機械,專業閥門製造商
4581,光隆精密-KY,3.39,上市汽車,台灣商用車零組件鑄件公司
4609,唐鋒,4.79,上櫃電器電纜,以外銷小家電產品為主的廠商
4702,中美實,7.23,上櫃化工,台灣最大分散性化學染料製造商並跨足汽車貿易業
4706,大恭,7.90,上櫃化工,台灣最大合成顏料製造商
4707,磐亞,30.23,上櫃化工,台灣主要從事生產界面活性劑廠商
4711,永純,6.11,上櫃化工,台灣生產酸醇樹脂製造廠商
4712,南璋,7.37,上櫃食品,跨足水產養殖生技事業
4714,永捷,11.64,上櫃化工,台灣PU樹脂大廠
4716,大立,7.52,上櫃化工,台灣主要從事生產合成樹脂廠商
4720,德淵,9.34,"上市化學生技醫療,上市化工",台灣最大熱溶膠供應商
4721,美琪瑪,7.50,上櫃化工,全球最大PTA氧化觸媒供應商，也生產正極材料
4722,國精化,10.00,"上市化學生技醫療,上市化工",台灣不飽和聚酯樹脂大廠
4726,永昕,15.33,上櫃生技醫療,晟德旗下CDMO廠
4728,雙美,5.45,上櫃生技醫療,全球唯一以豬體皮為原料的膠原蛋白廠
4729,熒茂,10.22,"上櫃電子全部,上櫃光電",強茂轉投資之觸控面板廠
4735,豪展,3.78,上櫃生技醫療,全球前三大紅外線額耳溫槍生產商
4736,泰博,9.22,上櫃生技醫療,亞洲唯一擁有HCT(血球容積)變化檢測技術的廠商
4737,華廣,6.22,"上市化學生技醫療,上市生技醫療",以Bionime為自有品牌生產居家醫療用血糖機及測試片廠商
4739,康普,10.30,"上市化學生技醫療,上市化工",台灣特用化學材、電池材料、PTA氧化觸媒大廠
4741,泓瀚,3.28,上櫃化工,台灣最大噴墨打印墨水研發與製造公司
4743,合一,38.09,上櫃生技醫療,中天轉投資的植物新藥開發公司
4744,皇將,4.72,上櫃生技醫療,台灣製藥設備廠
4745,合富-KY,7.74,上櫃生技醫療,大陸最大台資醫療通路集團
4746,台耀,10.84,"上市化學生技醫療,上市生技醫療",全球前三大維他命D衍生物製造商
4747,強生,3.00,上櫃生技醫療,台灣中小型利基型學名藥廠
4754,國碳科,2.16,上櫃化工,台灣防火材料研發及生產廠商
4755,三福化,10.07,"上市化學生技醫療,上市化工",台灣食品添加劑、電子化材大廠
4760,勤凱,3.21,"上櫃電子全部,上櫃其他電子",台灣被動元件導電漿及厚膜導體材料大廠
4763,材料-KY,5.86,"上市化學生技醫療,上市化工",全球第五大醋酸纖維絲束大廠
4764,雙鍵,7.54,"上市化學生技醫療,上市化工",全球第三大光固化起始劑生產商
4766,南寶,12.06,"上市化學生技醫療,上市化工",台灣接著劑材料大廠
4767,誠泰科技,3.14,上櫃化工,自動化設備用熱熔膠製造商
4803,VHQ-KY,5.91,上櫃文化創意,新加坡廣告及電影後製公司
4804,大略-KY,4.53,上櫃觀光,大陸知名整合婚禮服務業者，主要品牌是維多利亞婚宴會所
4806,昇華,4.52,上櫃文化創意,台灣第一家掛牌電視劇製作公司
4807,日成-KY,3.84,上市貿易百貨,泰國前三大珠寶ODM 及OEM廠商
4903,聯光通,9.03,"上櫃電子全部,上櫃通信網路",承包光通訊工程及光纖光纜製造業務
4904,遠傳,325.85,"上市電子全部,上市通信網路",台灣前三大電信業者之一
4905,台聯電,3.26,"上櫃電子全部,上櫃通信網路",主產品為數據機、XDSL等網通設備廠
4906,正文,36.29,"上市電子全部,上市通信網路",台灣無線區域網路代工大廠
4907,富宇,11.81,上櫃建材營造,富宇建設集團成員之一，主要從事大台中地區建築開發
4908,前鼎,7.82,"上櫃電子全部,上櫃通信網路",台灣首家光收發模組封裝及製造廠
4909,新復興,9.34,"上櫃電子全部,上櫃通信網路",全球最大LNB用板製造商
4911,德英,5.57,上櫃生技醫療,抗癌植物新藥研發公司
4912,聯德控股-KY,5.44,"上市電子全部,上市電子零組件",主要從事消費性電子零件的模組沖壓廠
4915,致伸,45.15,"上市電子全部,上市電子零組件",台灣電腦及手機週邊製造大廠，並跨入音響製造領域
4916,事欣科,8.35,"上市電子全部,上市電腦及週邊設備",工業電腦及博弈機台組件事業製造廠商
4919,新唐,40.07,"上市電子全部,上市半導體",華邦旗下整合元件製造(IDM)廠，並提供晶圓代工服務
4924,欣厚-KY,3.72,"上櫃電子全部,上櫃電腦及週邊設備",首家來台掛牌的馬來西亞模具沖壓廠
4927,泰鼎-KY,18.99,"上市電子全部,上市電子零組件",泰國第二大印刷電路板廠
4930,燦星網,13.43,上市電器電纜,由燦坤集團分割之小家電製造業
4931,新盛力,6.36,"上櫃電子全部,上櫃電腦及週邊設備",台灣鋰電池模組之生產商
4933,友輝,7.98,"上櫃電子全部,上櫃光電",新纖轉投資的聚光片廠
4934,太極,20.00,"上市電子全部,上市光電",廣運轉投資之太陽能電池廠
4935,茂林-KY,13.09,"上市電子全部,上市光電",台灣導光板大廠
4938,和碩,267.04,"上市電子全部,上市電腦及週邊設備",全球前五大NB代工廠
4939,亞電,9.82,"上櫃電子全部,上櫃電子零組件",台灣第二大FCCL廠商
4942,嘉彰,14.24,"上市電子全部,上市光電",台灣TFT框架、背板等零組件沖壓廠
4943,康控-KY,15.72,"上市電子全部,上市電子零組件",台灣LCD TV、NB、DC用連接器廠商
4944,兆遠,8.71,"上櫃電子全部,上櫃光電",台灣LED藍寶石基板大廠
4945,陞達科技,3.01,"上櫃電子全部,上櫃半導體",台灣風扇馬達驅動控制IC設計公司
4946,辣椒,1.37,上櫃文化創意,台灣知名休閒遊戲運營商
4950,牧東,4.63,上櫃其他,轉型為廚房用不鏽鋼刀具生產廠商
4952,凌通,10.88,"上市電子全部,上市半導體",凌陽轉投資的消費性IC廠
4953,緯軟,6.69,"上櫃電子全部,上櫃資訊服務",緯創集團旗下專注軟體開發服務的公司
4956,光鋐,10.04,"上市電子全部,上市光電",鴻海集團轉投資的LED磊晶廠
4958,臻鼎-KY,94.70,"上市電子全部,上市電子零組件",鴻海轉投資的全球第一大PCB廠
4960,誠美材,66.57,"上市電子全部,上市光電",台灣第二大偏光板供應商
4961,天鈺,16.66,"上市電子全部,上市半導體",鴻海旗下顯示器驅動IC設計廠
4966,譜瑞-KY,8.09,"上櫃電子全部,上櫃半導體",專攻高速訊號傳輸介面及顯示晶片廠商
4967,十銓,8.75,"上市電子全部,上市半導體",全球知名DRAM模組廠
4968,立積,6.32,"上市電子全部,上市半導體",台灣採用矽及砷化鎵技術的RF射頻前端IC廠
4971,IET-KY,3.65,"上櫃電子全部,上櫃半導體",以MBE技術製造III-V族磊晶廠
4972,湯石照明,4.00,"上櫃電子全部,上櫃光電",以自有品牌行銷歐美之LED燈具商
4973,廣穎,6.35,"上櫃電子全部,上櫃半導體",兆豐及矽創轉投資之記憶體產品廠
4974,亞泰,7.25,"上櫃電子全部,上櫃電子零組件",全球前三大CIS影像感測器業者之一
4976,佳凌,11.88,"上市電子全部,上市光電",台灣光學鏡片及鏡頭機構組裝供應商
4977,眾達-KY,6.87,"上市電子全部,上市通信網路",光收發模組封裝及代工廠商
4979,華星光,13.29,"上櫃電子全部,上櫃通信網路",台灣光收發模組一貫廠
4987,科誠,2.52,"上櫃電子全部,上櫃電腦及週邊設備",台灣第二大條碼標籤印製機製造商
4989,榮科,15.31,"上市電子全部,上市電子零組件",榮化轉投資的電解銅箔廠
4991,環宇-KY,9.22,"上櫃電子全部,上櫃半導體",全球III-V族專業晶圓代工廠
4994,傳奇,11.06,"上市電子全部,上市資訊服務",台灣具領先地位的MMORPG自製遊戲開發商
4995,晶達,4.18,"上櫃電子全部,上櫃光電",工業用高亮度面板專業廠商
4999,鑫禾,7.44,"上市電子全部,上市電子零組件",全球前三大筆電樞紐製造商
5007,三星,29.49,上市鋼鐵,全球最大鋼鐵螺帽製造商
5009,榮剛,46.67,上櫃鋼鐵,全球前十大合金棒鋼廠
5011,久陽,7.60,上櫃鋼鐵,台鋼集團旗下，台灣大尺寸螺栓製造廠之一
5013,強新,13.34,上櫃鋼鐵,台灣電解拋光管件市佔8成
5014,建錩,16.53,上櫃鋼鐵,不鏽鋼板裁剪及分條加工廠
5015,華祺,6.06,上櫃鋼鐵,全球知名不鏽鋼螺絲製造廠
5016,松和,4.96,上櫃鋼鐵,台灣規模最大鋼線鋼纜廠之一
5102,富強,6.41,上櫃橡膠,台灣最大再生胎製造商
5201,凱衛,3.07,"上櫃電子全部,上櫃資訊服務",以證券金融服務為主的系統整合商
5202,力新,5.91,"上櫃電子全部,上櫃資訊服務",台灣影像處理軟體商
5203,訊連,7.89,"上市電子全部,上市資訊服務",全球知名多媒體影音軟體公司
5205,中茂,0.82,"上櫃電子全部,上櫃其他電子",廢水及廢棄物處理工程商
5206,坤悅,15.59,上櫃建材營造,推案集中於台中地區之建商
5209,新鼎,2.73,"上櫃電子全部,上櫃資訊服務",中鼎旗下石化、煉油廠、交通機電等資訊系統工程SI廠
5210,寶碩,6.22,"上櫃電子全部,上櫃資訊服務",證券金融相關解決方案系統整合廠商
5211,蒙恬,3.20,"上櫃電子全部,上櫃資訊服務",台灣手寫辨識軟、硬體廠商
5212,凌網,3.46,"上櫃電子全部,上櫃資訊服務",以知識管理為主的系統整合廠
5213,亞昕,34.70,上櫃建材營造,推案集中於大台北地區之建商
5215,科嘉-KY,6.43,"上市電子全部,上市電腦及週邊設備",全球第一大NB薄膜觸控開關製造商
5220,萬達光電,3.97,"上櫃電子全部,上櫃光電",台灣觸控面板廠，主要聚焦於軍、工控等市場
5223,安力-KY,4.45,"上櫃電子全部,上櫃電腦及週邊設備",行動裝置散熱及機構件廠商
5225,東科-KY,6.14,"上市電子全部,上市其他電子",全球最大影音揚聲器OEM製造商
5230,雷笛克光學,4.70,"上櫃電子全部,上櫃光電",全球最大LED二次光學透鏡廠
5234,達興材料,10.27,"上市電子全部,上市光電",友達為大股東之光電特用化學材料供應商
5243,乙盛-KY,16.85,"上市電子全部,上市光電",鴻海轉投資的電視機構件模具廠
5245,智晶,4.50,"上櫃電子全部,上櫃光電",PMOLED出貨量居全球第二大
5251,天鉞電,3.58,"上櫃電子全部,上櫃光電",以DIY類無線居家安控產品為主之數位家庭整合系統商
5258,虹堡,8.95,"上市電子全部,上市電腦及週邊設備",台灣POS設備製造商
5263,智崴,5.68,上櫃文化創意,台灣最大體感遊戲設備商
5269,祥碩,6.92,"上市電子全部,上市半導體",華碩旗下高速傳輸介面、資料儲存之控制IC設計廠商
5272,笙科,5.64,"上櫃電子全部,上櫃半導體",台灣專注於無線通訊射頻(RF)晶片廠
5274,信驊,3.43,"上櫃電子全部,上櫃半導體",宏正轉投資之全球前3大雲端伺服器相關晶片供應商
5276,達輝-KY,3.95,上櫃其他,奐鑫集團旗下生產嬰幼兒安全座椅及機車零組件廠
5278,尚凡,1.52,上櫃電子商務,旗下愛情公寓為台灣最大交友社群網站
5281,大峽谷-KY,3.70,"上櫃電子全部,上櫃光電",大陸LED建築景觀照明系統商
5283,禾聯碩,7.30,上市電器電纜,台灣智慧家電廠，經營HERAN品牌
5284,jpp-KY,4.37,上市其他,客製化精密金屬機構件供應商
5285,界霖,9.41,"上市電子全部,上市半導體",台灣功率單體及光電導線架供應商
5287,數字,4.29,上櫃電子商務,電商平台包含寶物、房屋、汽車交易及人力資源
5288,豐祥-KY,6.58,上市電機機械,越南主要汽機車零件供應商之一
5289,宜鼎,8.25,"上櫃電子全部,上櫃電腦及週邊設備",台灣專攻工業用嵌入式儲存裝置供應商
5291,邑昇,3.91,"上櫃電子全部,上櫃電子零組件",台灣印刷電路板與自行車燈具業者
5299,杰力,3.55,"上櫃電子全部,上櫃半導體",華碩轉投資的功率元件設計公司
5301,寶得利,10.46,上櫃觀光,珠寶精品設計與銷售，並經營旅行社
5302,太欣,16.24,"上櫃電子全部,上櫃半導體",台灣第一家IC設計廠商，現專注影像擷取錄影之單晶片開發
5306,桂盟,12.60,上櫃其他,全球最大的自行車鏈條生產商
5309,系統電,15.46,"上櫃電子全部,上櫃電子零組件",電腦週邊及車用電子廠
5310,天剛,6.46,"上櫃電子全部,上櫃資訊服務",金融系統整合廠
5312,寶島科,6.01,上櫃生技醫療,台灣最大眼鏡通路商
5314,世紀,6.00,"上櫃電子全部,上櫃半導體",裕隆旗下的MCU及多媒體通訊IC設計廠商
5315,光聯,10.64,"上櫃電子全部,上櫃光電",各尺寸液晶顯示器模組製造、整合加工與銷售
5321,友銓,3.50,"上櫃電子全部,上櫃電子零組件",台灣印刷電路板與服飾電商業者
5324,士開,13.64,上櫃建材營造,仰德集團旗下之建設、飯店、文創經營廠商
5328,華容,17.27,"上櫃電子全部,上櫃電子零組件",台灣塑膠膜電容器供應商
5340,建榮,19.49,"上櫃電子全部,上櫃電子零組件",台灣電子領域玻纖布製造廠並跨足工業用領域
5344,立衛,7.94,"上櫃電子全部,上櫃半導體",威盛轉投資之邏輯IC及CPU測試廠商
5345,天揚,4.75,上櫃其他,從事各式電源開關、遙控器及鑰匙/門鎖控制系統設計
5347,世界,163.90,"上櫃電子全部,上櫃半導體",台積電轉投資之晶圓代工廠
5348,系通,2.90,"上櫃電子全部,上櫃通信網路",主要生產GPS與微波無線通訊產品
5351,鈺創,26.77,"上櫃電子全部,上櫃半導體",台灣利基型記憶體IC設計廠商
5353,台林,7.50,"上櫃電子全部,上櫃通信網路",有線、無線寬頻網路、工業電腦製造商
5355,佳總,16.61,"上櫃電子全部,上櫃電子零組件",台灣最大LED散熱鋁基板廠
5356,協益,10.30,"上櫃電子全部,上櫃電腦及週邊設備",經營電子零組件與周邊業之廠商
5364,力麗店,2.88,上櫃觀光,轉型為以力麗哲園為品牌之飯店經營業者
5371,中光電,39.10,"上櫃電子全部,上櫃光電",台灣第二大背光模組廠，及全球最大DLP投影機製造商
5381,合正,18.02,"上櫃電子全部,上櫃電子零組件",主要經營鑽孔用潤滑鋁蓋板與多層壓合基板代工業務
5383,金利,7.94,"上櫃電子全部,上櫃其他電子",建德旗下模具沖壓製造商
5386,青雲,2.36,"上櫃電子全部,上櫃電腦及週邊設備",高階伺服器記憶體模組及板卡提供商
5388,中磊,25.18,"上市電子全部,上市通信網路",台灣寬頻及電信設備代工大廠
5392,應華,17.00,"上櫃電子全部,上櫃光電",佳能轉投資之3C電子產品金屬機殼大廠
5398,慕康生醫,5.00,上櫃其他,轉型佈局醫療生技發展，推出保健食品及醫材代理
5403,中菲,6.26,"上櫃電子全部,上櫃資訊服務",金融與物流業系統整合、軟體服務之廠商
5410,國眾,8.77,"上櫃電子全部,上櫃資訊服務",大眾控轉投資系統整合廠
5425,台半,26.51,"上櫃電子全部,上櫃半導體",台灣整流二極體大廠
5426,振發,14.38,"上櫃電子全部,上櫃電腦及週邊設備",視訊解碼器、PC外殼生產商
5432,達威,2.07,"上櫃電子全部,上櫃光電",中小尺寸液晶顯示器模組廠
5434,崇越,18.17,"上市電子全部,上市電子通路",日本信越晶圓產品在台代理商
5438,東友,11.25,"上櫃電子全部,上櫃電腦及週邊設備",為Konica Minolta代工多功能事務機
5439,高技,8.60,"上櫃電子全部,上櫃電子零組件",生產少量多樣高層數利基型PCB為主
5443,均豪,16.51,"上櫃電子全部,上櫃光電",台灣TFT製程及封裝設備供應商
5450,南良,12.24,上櫃其他,主要經營特殊紡織品、高彈性發泡材料及電源供應器
5452,佶優,14.88,"上櫃電子全部,上櫃其他電子",台灣塑化及電子材料通路商
5455,昇益,6.55,上櫃建材營造,轉型為從事建材買賣及不動產開發興建業務
5457,宣德,16.93,"上櫃電子全部,上櫃電子零組件",台灣第三大NB連接器廠
5460,同協,6.12,"上櫃電子全部,上櫃電子零組件",專業的連續沖壓模具及零件大廠
5464,霖宏,7.11,"上櫃電子全部,上櫃電子零組件","LCD TV,印表機等消費性PCB廠"
5465,富驊,16.41,"上櫃電子全部,上櫃電腦及週邊設備",神達轉投資之電子產品金屬沖壓及塑膠射出機殼廠
5468,凱鈺,2.78,"上櫃電子全部,上櫃半導體",鈺創轉投資的LED驅動IC及光通訊IC廠
5469,瀚宇博,52.84,"上市電子全部,上市電子零組件",全球前三大NB板與STB板廠之一
5471,松翰,16.79,"上市電子全部,上市半導體",為語音及多媒體IC設計專業廠商
5474,聰泰,3.37,"上櫃電子全部,上櫃電腦及週邊設備",數位監控、影音串流設備商
5475,德宏,12.71,"上櫃電子全部,上櫃電子零組件",台灣專業電子級玻纖布廠
5478,智冠,12.75,上櫃文化創意,台灣最大遊戲公司，橫跨研發、營運和通路行銷等業務
5481,新華,7.34,上櫃其他,主要經營「芝?街」連鎖美語補習班及國高中補習服務
5483,中美晶,58.62,"上櫃電子全部,上櫃半導體",台灣第二大太陽能長晶廠
5484,慧友,6.81,"上市電子全部,上市光電",台灣DVR領導廠商
5487,通泰,2.39,"上櫃電子全部,上櫃半導體",老牌消費性IC設計廠商
5488,松普,9.16,"上櫃電子全部,上櫃電子零組件",以製造網路線為主的線材廠
5489,彩富,10.27,"上櫃電子全部,上櫃其他電子",台灣網路視訊安全監控系統專業代工廠
5490,同亨,9.63,"上櫃電子全部,上櫃電腦及週邊設備",全球知名POS刷卡機DMS廠
5493,三聯,4.16,"上櫃電子全部,上櫃其他電子",感測、監測系統整合服務商
5498,凱崴,16.93,"上櫃電子全部,上櫃電子零組件",台灣PCB鑽頭製造商
5508,永信建,21.74,上櫃建材營造,高雄建商，以成屋銷售為主
5511,德昌,11.34,上櫃建材營造,商辦大樓、高科技廠房及公共工程等為營業項目之營造商
5512,力麒,74.40,上櫃建材營造,推案集中於台北市精華地段之建商
5514,三豐,19.43,上櫃建材營造,以都市更新為主之建商
5515,建國,25.74,上市建材營造,建築統包工程服務商
5516,雙喜,3.83,上櫃建材營造,承攬各項公共、建築及土木工程之營造廠
5519,隆大,21.92,上市建材營造,綜合營造及住宅大樓開發商
5520,力泰,6.03,上櫃建材營造,台灣預拌混凝土製造加工廠
5521,工信,44.75,上市建材營造,台灣前十大營造廠
5522,遠雄,78.16,上市建材營造,以營建地產、休閒娛樂為核心的企業集團
5523,豐謙,15.50,上櫃建材營造,嘉義地區建商
5525,順天,26.46,上市建材營造,台中地區建商
5529,志嘉,12.41,上櫃建材營造,推案集中於新竹地區之建商
5530,龍巖,42.01,上櫃其他,台灣殯葬產業龍頭
5531,鄉林,97.76,上市建材營造,推案以中部地區為主之建商，並跨足觀光旅館經營
5533,皇鼎,28.52,上市建材營造,主要於大台北地區推案的建商
5534,長虹,29.03,上市建材營造,以廠辦及住宅開發案為主之建商
5536,聖暉,5.72,"上櫃電子全部,上櫃其他電子",以無塵室工程為主，並跨足機電系統整合服務廠商
5538,東明-KY,16.80,上市鋼鐵,大陸不鏽鋼緊固件龍頭大廠
5543,桓鼎-KY,3.57,上櫃建材營造,大陸最大金屬建材廠
5546,永固-KY,8.23,上市建材營造,大陸重慶地區預拌混凝土領導廠商
5601,台聯櫃,6.48,上櫃航運業,台灣經營貨櫃集散站之業者
5603,陸海,7.83,上櫃航運業,從事內陸貨櫃運輸、裝卸及重機件運輸、吊裝業務之業者
5604,中連貨,10.88,上櫃其他,轉型為從事工業用不動產租賃
5607,遠雄港,23.00,上市航運業,轉型控股公司並經營海、陸、空聯運之自由貿易港區
5608,四維航,27.93,上市航運業,以輕型散裝船為主的散裝航運業者
5609,中菲行,12.60,上櫃航運業,台灣空運及海運貨運承攬商
5701,劍湖山,25.38,上櫃觀光,台灣中部地區遊樂園、百貨及飯店業者
5703,亞都,7.02,上櫃觀光,麗緻集團旗下位於台北中山區之5星級飯店
5704,老爺知,3.89,上櫃觀光,老爺酒店集團旗下，位於台東知本之溫泉飯店
5706,鳳凰,6.71,上市觀光,台灣首家上市旅行社，提供國內外全方位旅遊產品
5820,日盛金,377.25,上櫃金融,大股東為日本新生銀行及港商建群集團之金控，以證券為主體
5864,致和證,25.17,上櫃金融,全台分點逾十家之小型券商
5871,中租-KY,138.13,上市其他,台灣租賃業龍頭公司
5876,上海商銀,448.16,上市金融保險,唯一自大陸遷台復業的民營銀行
5878,台名,2.50,上櫃金融,台灣前三大之保險經紀公司
5880,合庫金,1333.42,上市金融保險,具有國營背景的金控公司，金融資產規模排名前六大
5902,德記,9.45,上櫃貿易百貨,統一集團旗下貿易商，旗下自有品牌為「開喜」系列茶飲
5903,全家,22.32,上櫃貿易百貨,台灣第二大連鎖便利商店
5904,寶雅,9.77,上櫃貿易百貨,台灣二線城市最大美妝及生活用品百貨
5905,南仁湖,18.98,上櫃貿易百貨,高速公路休息站及海生館、小墾丁渡假村之經營業者
5906,台南-KY,3.00,上市貿易百貨,代理FILA品牌
5907,大洋-KY,19.55,上市貿易百貨,益航轉投資在大陸從事百貨零售之台商企業
6005,群益證,217.09,上市金融保險,台灣證券經紀市佔排名前五大之獨立券商
6015,宏遠證,33.08,上櫃金融,三商壽轉投資的小型券商
6016,康和證,59.45,上櫃金融,台灣綜合型證券商，其中期貨業務市占排名前七大
6020,大展證,25.24,上櫃金融,以大台北地區為營運的區域型券商，經紀業務排名第56名
6021,大慶證,30.99,上櫃金融,主要股東為大慶建設之小型券商
6023,元大期,29.00,上櫃金融,台灣最大期貨商，市占率逾2成，屬元大集團
6024,群益期,21.04,上市金融保險,群益金融集團旗下的期貨公司，台灣市場排名前四大
6026,福邦證,28.42,上櫃金融,台灣小型綜合證券業務商，經紀業務排名第67名
6101,寬魚國際,11.64,上櫃文化創意,從事流行音樂商演、活動賽事舉辦等業務
6103,合邦,8.94,"上櫃電子全部,上櫃半導體",全球最大的CD Discman IC供應商
6104,創惟,9.03,"上櫃電子全部,上櫃半導體",儲存設備USB控制晶片設計專業大廠
6108,競國,15.99,"上市電子全部,上市電子零組件",台灣CMOS sensor載板最大供應廠
6109,亞元,5.94,"上櫃電子全部,上櫃通信網路",應用以可攜式電子產品為主之電源供應器廠
6111,大宇資,6.31,上櫃文化創意,台灣以自有品牌自創產品之線上遊戲開發商
6112,聚碩,18.84,"上市電子全部,上市資訊服務",資訊應用軟硬體服務供應中介之加值型通路商
6113,亞矽,5.00,"上櫃電子全部,上櫃電子通路",歐美半導體零件的專業代理商
6114,久威,4.39,"上櫃電子全部,上櫃電子零組件",由PCB製造商轉型為電子材料代理及成品加工業務
6115,鎰勝,18.77,"上市電子全部,上市電子零組件",全球IT產品電源線材大廠
6116,彩晶,317.72,"上市電子全部,上市光電",台灣中小尺寸面板供應商，及觸控面板廠商
6117,迎廣,8.87,"上市電子全部,上市電腦及週邊設備",PC、伺服器、電源供應器機殼廠
6118,建達,9.09,"上櫃電子全部,上櫃電子通路",代理IT相關產品及消費電子產品之通路商
6120,達運,66.56,"上市電子全部,上市光電",友達旗下背光模組零組件供應商
6121,新普,18.50,"上櫃電子全部,上櫃電腦及週邊設備",全球最大NB電池模組廠之一
6122,擎邦,7.08,上櫃電機機械,整廠工程之承攬、規劃、設計、施工服務廠商
6123,上奇,5.90,"上櫃電子全部,上櫃電腦及週邊設備",電腦軟硬體、OA產品及耗材代理商
6124,業強,18.25,"上櫃電子全部,上櫃電子零組件",台灣最大熱導管供應商
6125,廣運,24.90,"上櫃電子全部,上櫃光電",經營自動化物流系統及太陽能電池等業務
6126,信音,12.68,"上櫃電子全部,上櫃電子零組件",NB電源插頭及手持式裝置連接器廠
6127,九豪,10.81,"上櫃電子全部,上櫃電子零組件",全球晶片電阻陶瓷基板製造大廠
6128,上福,12.76,"上市電子全部,上市電腦及週邊設備",台灣唯一具備雷射印表機之碳粉匣及OPC感光鼓齒輪研發設計廠
6129,普誠,18.09,"上櫃電子全部,上櫃半導體",台灣消費性IC設計廠商，及車用IC設計公司
6130,星寶國際,2.95,上櫃生技醫療,從事醫美事業的醫藥採購及管理顧問
6133,金橋,11.70,"上市電子全部,上市電子零組件",經營電腦週邊及高頻通訊為主的連接線廠
6134,萬旭,7.26,"上櫃電子全部,上櫃電子零組件",主要經營極細銅軸線、天線、信號線等線材業者
6136,富爾特,11.55,"上市電子全部,上市通信網路",行動通訊加值及電影訂票、訂房網站服務商
6138,茂達,7.38,"上櫃電子全部,上櫃半導體",以主機板客戶為主的電源管理IC大廠
6139,亞翔,22.55,"上市電子全部,上市其他電子",台灣無塵室及機電系統整合服務等製造商
6140,訊達,3.84,"上櫃電子全部,上櫃資訊服務",以金融、資訊、媒體、半導體產業為主的系統整合商
6141,柏承,12.89,"上市電子全部,上市電子零組件",少量多樣的利基型PCB廠
6142,友勁,33.08,"上市電子全部,上市通信網路",友訊轉投資無線網路與寬頻產品製造商
6143,振曜,8.30,"上櫃電子全部,上櫃通信網路",台灣網路設備與電子書組裝廠
6144,得利影,3.83,上櫃文化創意,代理美商八大片商及獨立片商DVD及BD在台發行之公司
6146,耕興,9.24,"上櫃電子全部,上櫃其他電子",國內最具規模之手機EMC/Safety專業認證實驗室
6147,頎邦,67.15,"上櫃電子全部,上櫃半導體",全球最大LCD驅動IC封裝及金凸塊供應商
6148,驊宏資,4.70,"上櫃電子全部,上櫃資訊服務",金融及公共事業SI廠
6150,撼訊,4.49,"上櫃電子全部,上櫃電腦及週邊設備",以Power Color品牌行銷全球之第三大繪圖卡供應商
6151,晉倫,5.53,"上櫃電子全部,上櫃其他電子",台灣汽車複合材料供應商
6152,百一,16.77,"上市電子全部,上市通信網路",STB、LNB、LTE的ODM大廠
6153,嘉聯益,55.62,"上市電子全部,上市電子零組件",台灣前三大軟板廠之一
6154,順發,8.01,"上櫃電子全部,上櫃電子通路",台灣知名3C通路零售商
6155,鈞寶,8.68,"上市電子全部,上市電子零組件",台灣電感及電磁波干擾對策之專業廠商
6156,松上,8.05,"上櫃電子全部,上櫃電子零組件",印刷電路板和磁性元件製造商
6158,禾昌,5.37,"上櫃電子全部,上櫃電子零組件",3C、PC、NB用連接器、連接線材生產廠
6160,欣技,6.85,"上櫃電子全部,上櫃電腦及週邊設備",專攻自動辨識系統的IPC廠
6161,捷波,7.50,"上櫃電子全部,上櫃電腦及週邊設備",台灣二線主機板廠
6163,華電網,12.29,"上櫃電子全部,上櫃通信網路",電信系統整合大廠，並跨足智慧城控與交通機電業務
6164,華興,10.00,"上市電子全部,上市光電",台灣LED照明元件及模組廠
6165,浪凡,5.32,上市其他,轉型為直播平台服務商，旗下擁有「浪LIVE」平台
6166,凌華,21.75,"上市電子全部,上市電腦及週邊設備",台灣前三大工業電腦廠
6167,久正,16.22,"上櫃電子全部,上櫃光電",中小尺寸TN/STN面板模組廠
6168,宏齊,20.61,"上市電子全部,上市光電",專為Avago及Osram代工之LED封裝廠
6169,昱泉,2.34,上櫃文化創意,台灣線上、手機遊戲研發及代理商
6170,統振,8.97,"上櫃電子全部,上櫃通信網路",台灣從事電信、數據預付卡業務之廠商
6171,亞銳士,7.54,上櫃建材營造,大城建設入主，轉型為營建業
6172,互億,3.00,"上市電子全部,上市電腦及週邊設備",無線通訊模組、多媒體產品製造商
6173,信昌電,17.20,"上櫃電子全部,上櫃電子零組件",華新科旗下MLCC及瓷粉原料供應商
6174,安碁,5.00,"上櫃電子全部,上櫃電子零組件",台灣三大石英元件廠之一
6175,立敦,14.21,"上櫃電子全部,上櫃電子零組件",台灣鋁質電解電容之上游鋁箔製造商
6176,瑞儀,46.50,"上市電子全部,上市光電",全球最大背光模組(BLU)廠
6177,達麗,38.03,上市建材營造,推案集中於林口、竹北、高雄等地，近年業務拓展至美國西雅圖
6179,亞通,7.41,上櫃其他,轉型為電廠工程業務，工程集中在菲律賓
6180,橘子,17.55,上櫃文化創意,台灣第2大遊戲軟體開發與營運商
6182,合晶,51.09,"上櫃電子全部,上櫃半導體",台灣6吋及8吋矽晶圓製造商
6183,關貿,15.00,"上市電子全部,上市資訊服務",財政部貿易通關平台業者
6184,大豐電,15.82,上市其他,新北市板橋土城地區有線電視業者
6185,幃翔,14.99,"上櫃電子全部,上櫃電子零組件",BTB、快閃記憶卡類連接器生產廠
6186,新潤,13.00,上櫃建材營造,推案以台鐵、高鐵及捷運沿線為主之建商
6187,萬潤,8.33,"上櫃電子全部,上櫃其他電子",被動元件、封測暨光電產業設備廠商
6188,廣明,27.84,"上櫃電子全部,上櫃電腦及週邊設備",廣達集團旗下的硬碟產品公司
6189,豐藝,17.93,"上市電子全部,上市電子通路",台灣電子零組件代理商
6190,萬泰科,14.04,"上櫃電子全部,上櫃通信網路",主要生產網通、醫療、車用等市場應用的線材供應商
6191,精成科,51.55,"上市電子全部,上市電子零組件",瀚宇博轉投資印刷電路板暨組裝代工廠
6192,巨路,10.68,"上市電子全部,上市其他電子",程控與電子材料通路商
6194,育富,6.00,"上櫃電子全部,上櫃電子零組件",台灣印刷電路板製造業者
6195,詩肯,4.89,上櫃貿易百貨,台灣最大連鎖家具品牌通路商
6196,帆宣,18.73,"上市電子全部,上市其他電子",專注於半導體、面板設備及耗材之代理商
6197,佳必琪,12.21,"上市電子全部,上市電子零組件",手持裝置、卡類、網通用連接器廠
6198,凌泰,2.26,"上櫃電子全部,上櫃半導體",視訊暫存記憶體及訊號轉換IC設計廠商
6199,天品,6.18,上櫃其他,專營基督徒塔位銷售及殯葬服務
6201,亞弘電,8.92,"上市電子全部,上市其他電子",音訊及小家電ODM大廠
6202,盛群,22.62,"上市電子全部,上市半導體",全球MCU大廠
6203,海韻電,8.00,"上櫃電子全部,上櫃電子零組件",台灣以PC高階應用為主之交換式電源供應器廠商
6204,艾華,2.31,"上櫃電子全部,上櫃電子零組件",電腦週邊及音響用之可變電阻器廠商
6205,詮欣,7.20,"上市電子全部,上市電子零組件",專業連接器及連接線廠商
6206,飛捷,14.31,"上市電子全部,上市電腦及週邊設備",台灣最大、全球前三大POS專業代工廠
6207,雷科,8.39,"上櫃電子全部,上櫃電子零組件",台灣最大被動元件紙帶包材供應商
6208,日揚,11.69,"上櫃電子全部,上櫃電子零組件",台灣最大製程設備真空元件供應商
6209,今國光,16.31,"上市電子全部,上市光電",台灣光學鏡片、鏡頭製造商
6210,慶生,3.50,"上櫃電子全部,上櫃電子零組件",台灣中小型的多層PCB廠
6212,理銘,10.20,上櫃建材營造,轉型為於新竹地區推案之建商
6213,聯茂,33.30,"上市電子全部,上市電子零組件",全球前十大銅箔基板廠之一
6214,精誠,26.94,"上市電子全部,上市資訊服務",金融服務、科技整合及加值服務系統業者
6215,和椿,8.28,"上市電子全部,上市其他電子",專業的自動化設備零組件、光電製程之工業製造商
6216,居易,8.71,"上市電子全部,上市通信網路",以DrayTek自有品牌行銷寬頻接取網通設備廠商
6217,中探針,6.59,"上櫃電子全部,上櫃電子零組件",台灣第一家探針及探針式連接器製造廠
6218,豪勉,6.43,"上櫃電子全部,上櫃通信網路",主要從事通訊網路系統整合服務與半導體封測設備代理銷售及安裝、維修
6219,富旺,15.40,上櫃建材營造,以台中為核心擴展至全省跨區經營的建商
6220,岳豐,13.20,"上櫃電子全部,上櫃電子零組件",主要生產區域網路線材，並延伸至終端產品生產廠商
6221,晉泰,5.10,"上櫃電子全部,上櫃資訊服務",電子商務系統整合廠商
6222,上揚,4.06,"上櫃電子全部,上櫃光電",轉型為LED照明產品及小家電事業
6223,旺矽,9.30,"上櫃電子全部,上櫃半導體",全球第一大懸臂式探針卡廠
6224,聚鼎,8.47,"上市電子全部,上市電子零組件",全球第二大PPTC保護元件大廠
6225,天瀚,12.71,"上市電子全部,上市光電",以自有品牌行銷DSC及DV等產品廠商
6226,光鼎,11.50,"上市電子全部,上市光電",專注於LED照明市場之封裝業者
6227,茂綸,7.61,"上櫃電子全部,上櫃電子通路",台灣唯一代理Altair產品線的IC通路商
6228,全譜,4.00,"上櫃電子全部,上櫃電腦及週邊設備",台灣底片掃瞄器及生物研究影像設備製造廠
6229,研通,3.56,"上櫃電子全部,上櫃半導體",台灣消費性IC韌體設計領導廠商
6230,尼得科超眾,8.63,"上市電子全部,上市電腦及週邊設備",台灣最大NB散熱模組製造商
6231,系微,3.80,"上櫃電子全部,上櫃資訊服務",NB及IA產品的BIOS廠商
6233,旺玖,7.96,"上櫃電子全部,上櫃半導體",USB控制IC設計廠商，並切入MEMS領域
6234,高僑,10.04,"上櫃電子全部,上櫃光電",經營自動化設備及PCB微型鑽頭的公司
6235,華孚,17.01,"上市電子全部,上市電腦及週邊設備",以NB外殼為主的鎂合金廠
6236,康呈,3.17,上櫃其他,轉型以醫美、生物科技及預防醫學為核心的公司
6237,驊訊,8.01,"上櫃電子全部,上櫃半導體",全球前三大音效晶片設計廠商
6239,力成,77.91,"上市電子全部,上市半導體",全球前五大封測廠
6240,松崗,2.29,上櫃其他,台灣資訊圖書與商用軟體代理公司
6241,易通展,2.37,"上櫃電子全部,上櫃通信網路",企業級及電信級無線網路通訊產品代工廠
6242,立康,2.22,上櫃生技醫療,中草藥生產及經營觀光工廠之廠商
6243,迅杰,7.50,"上市電子全部,上市半導體",全球第二大鍵盤控制IC設計供應商
6244,茂迪,35.50,"上櫃電子全部,上櫃光電",全球前十大太陽能電池廠
6245,立端,11.82,"上櫃電子全部,上櫃通信網路",專攻網路安全設備廠商
6246,臺龍,3.33,"上櫃電子全部,上櫃光電",中小尺寸背光模組及LED燈條生產廠商
6247,淇譽電,6.03,"上櫃電子全部,上櫃其他電子",亞洲最大專業音響喇叭製造商
6248,沛波,3.07,上櫃鋼鐵,轉型鋼筋加工業務
6251,定穎,27.75,"上市電子全部,上市電子零組件",台灣專業多層印刷電路板製造廠
6257,矽格,44.33,"上市電子全部,上市半導體",RF及混合IC專業測試廠商
6259,百徽,1.55,"上櫃電子全部,上櫃電子零組件",主要代理電磁波防制元件和電源相關元件
6261,久元,12.85,"上櫃電子全部,上櫃半導體",專業半導體及光電產品切割、研磨、挑揀、測試代工廠
6263,普萊德,6.25,"上櫃電子全部,上櫃通信網路",以PLANET品牌行銷的網通設備廠
6264,富裔,11.64,上櫃建材營造,入主德士通，以雙北及基隆地區為主的營建公司
6265,方土昶,11.82,"上櫃電子全部,上櫃電子通路",IC零組件通路商，並跨足保健食品
6266,泰詠,9.89,"上櫃電子全部,上櫃電子零組件",台灣專業SMT加工及組裝測試廠商
6269,台郡,36.12,"上市電子全部,上市電子零組件",台灣前三大軟板廠之一
6270,倍微,7.21,"上櫃電子全部,上櫃電子通路",台灣最大編碼型快閃記憶體(Nor Flash)通路商
6271,同欣電,17.87,"上市電子全部,上市半導體",台灣最大LED陶瓷基板廠
6274,台燿,26.80,"上櫃電子全部,上櫃電子零組件",台灣前五大銅箔基板廠之一
6275,元山,6.98,"上櫃電子全部,上櫃電子零組件",以小家電起家，並跨入交直流無刷馬達散熱風扇廠商
6276,安鈦克,3.28,"上櫃電子全部,上櫃電腦及週邊設備",產品主要應用於DIY PC之電源供應器與機殼廠
6277,宏正,11.95,"上市電子全部,上市電腦及週邊設備",全球最大KVM製造商
6278,台表科,29.24,"上市電子全部,上市光電",全球最大光電產品之SMT代工廠
6279,胡連,9.97,"上櫃電子全部,上櫃電子零組件",兩岸最大汽車端子製造商
6281,全國電,9.92,"上市電子全部,上市電子通路",台灣知名家電與3C通路賣場
6282,康舒,51.66,"上市電子全部,上市電子零組件",金仁寶集團旗下電源供應器廠，全球排名前十大、台灣前三大
6283,淳安,14.79,"上市電子全部,上市其他電子",鍵盤導電薄膜與導電薄膜製造商
6284,佳邦,14.02,"上櫃電子全部,上櫃電子零組件",電子保護元件及天線產品之領導廠商
6285,啟碁,39.74,"上市電子全部,上市通信網路",緯創轉投資無線、衛星通訊產品大廠
6287,元隆,43.81,"上櫃電子全部,上櫃半導體",台灣功率半導體及類比IC晶圓代工廠
6288,聯嘉,19.52,上市汽車,台灣車用LED模組及元件廠
6289,華上,10.48,"上市電子全部,上市光電",台灣LED晶粒及磊晶片大廠，LD產能僅次日本廠商
6290,良維,14.78,"上櫃電子全部,上櫃電子零組件",全球最大的TV電源供應商
6291,沛亨,2.70,"上櫃電子全部,上櫃半導體",台灣老牌電源管理IC業者
6292,迅德,4.69,"上櫃電子全部,上櫃電子零組件",專注生產工業用變壓器產品之廠商
6294,智基,2.34,上櫃文化創意,以公職、技術人員、研究所入學考試為主補教業者
6404,通訊-KY,3.74,"上櫃電子全部,上櫃資訊服務",大陸手機應用及遊戲軟體平台通路商
6405,悅城,6.58,"上市電子全部,上市光電",台灣光電玻璃薄化加工大廠
6409,旭隼,8.74,"上市電子全部,上市其他電子",台灣UPS及PV Inverter之ODM製造廠商
6411,晶焱,9.11,"上櫃電子全部,上櫃半導體",台灣首家靜電放電防護IC設計公司
6412,群電,39.21,"上市電子全部,上市電子零組件",群光轉投資，台灣前三大PC電源供應器廠
6414,樺漢,9.68,"上市電子全部,上市電腦及週邊設備",鴻海轉投資之工業電腦廠
6415,矽力-KY,9.34,"上市電子全部,上市半導體",大陸電源管理晶片大廠
6416,瑞祺電通,7.32,"上市電子全部,上市通信網路",台灣網通資安設備龍頭大廠
6417,韋僑,3.56,"上櫃電子全部,上櫃通信網路",台灣RFID Tag製造商
6418,詠昇,3.45,"上櫃電子全部,上櫃電子零組件",PC、TV、NB、3C用連接器生產廠
6419,京晨科,1.32,"上櫃電子全部,上櫃光電",台灣網路視訊監控系統商
6425,易發,4.36,上櫃電機機械,深耕面板相關製程設備，並跨足半導體及動力電池設備之廠商
6426,統新,3.85,"上市電子全部,上市通信網路",南寶樹脂旗下光通訊元件濾光片廠商
6431,光麗-KY,5.04,"上市電子全部,上市光電",專業經營保護外蓋加工及保護鏡片
6432,今展科,3.01,"上櫃電子全部,上櫃電子零組件",全球知名TV控制板電感供應商
6435,大中,3.33,"上櫃電子全部,上櫃半導體",茂達旗下功率半導體元件及HV IC設計公司
6438,迅得,6.23,"上市電子全部,上市其他電子",主要為PCB相關之自動化設備供應商
6441,廣錠,3.86,"上櫃電子全部,上櫃電腦及週邊設備",廣積旗下博奕機台製造商
6442,光聖,6.93,"上市電子全部,上市通信網路",光纖主被動元件及高頻連接器製造商
6443,元晶,44.58,"上市電子全部,上市光電",遠雄轉投資太陽能電池廠商
6446,藥華藥,26.35,上櫃生技醫療,罕見真性紅血球增生症藥物研發廠商
6449,鈺邦,8.90,"上市電子全部,上市電子零組件",全台最大及全球前三大固態電容廠
6451,訊芯-KY,10.75,"上市電子全部,上市半導體",鴻海旗下SiP模組封裝廠商
6456,GIS-KY,33.79,"上市電子全部,上市光電",鴻海集團旗下的觸控面板模組廠
6457,紘康,2.99,"上櫃電子全部,上櫃半導體",台灣MCU暨電池管理IC設計廠
6461,益得,10.07,上櫃生技醫療,健喬旗下哮喘定量噴霧吸入劑研發廠商
6462,神盾,7.08,"上櫃電子全部,上櫃半導體",宏碁轉投資的指紋辨識IC設計及資安軟體公司
6464,台數科,12.47,上市其他,台灣唯一由本土有線電視業者成立的多系統經營者
6465,威潤,3.30,"上櫃電子全部,上櫃通信網路",以自有品牌「ATrack」行銷衛星定位監控系統廠商
6469,大樹,6.18,上櫃生技醫療,醫藥品連鎖通路商，為全台最大婦幼處方藥局
6470,宇智,3.27,"上櫃電子全部,上櫃通信網路",台灣無線網路設備廠商
6472,保瑞,5.41,上櫃生技醫療,專注於改良劑型新藥研發公司
6477,安集,11.42,"上市電子全部,上市光電",台灣太陽能電池模組製造商
6482,弘煜科,1.71,上櫃文化創意,智冠、宇峻轉投資的網頁及手機遊戲廠
6485,點序,4.04,"上櫃電子全部,上櫃半導體",金士頓轉投資之快閃記憶體控制IC設計廠商
6486,互動,3.88,"上櫃電子全部,上櫃通信網路",仲琦旗下電信寬頻網路系統整合規劃廠商
6488,環球晶,43.73,"上櫃電子全部,上櫃半導體",全球第三大、台灣最大的矽晶圓廠商，從中美晶分割成立
6491,晶碩,7.00,"上市化學生技醫療,上市生技醫療",和碩轉投資之隱形眼鏡公司
6492,生華科,8.97,上櫃生技醫療,抗癌新藥及特殊原料藥研發廠商
6494,九齊,3.16,"上櫃電子全部,上櫃半導體",新唐轉投資的語音控制IC及MCU設計公司
6496,科懋,4.67,上櫃生技醫療,代理藥品及檢驗試劑，並開發解毒劑之公司
6499,益安,6.66,上櫃生技醫療,內視鏡、心導管及手術用侵入性設備研發廠商
6504,南六,7.26,上市其他,亞洲最大的水針不織布廠商
6505,台塑化,952.60,上市油電燃氣,台灣最大的民營輕油裂解廠
6506,雙邦,8.24,上櫃紡織纖維,塗佈貼合加工及特用化學原料供應商
6508,惠光,8.53,上櫃農業科技業,台灣第二大農藥及全球第三大地工膜廠商
6509,聚和,17.32,上櫃化工,全球第2大自黏便條紙商、知名造紙化學品廠
6510,精測,3.28,"上櫃電子全部,上櫃半導體",中華電信旗下晶圓測試介面板廠
6512,啟發電,2.50,"上櫃電子全部,上櫃其他電子",專業影音訊號延長器、分配器及處理器廠商
6514,芮特-KY,3.00,"上櫃電子全部,上櫃通信網路",昇達科旗下利基型天線公司
6515,穎崴,3.39,"上市電子全部,上市半導體",台灣晶圓檢測測試治具和探針卡廠
6516,勤崴國際,3.86,"上櫃電子全部,上櫃資訊服務",中華電旗下台灣最大圖資公司
6523,達爾膚,4.50,上櫃生技醫療,台灣第一大醫美品牌DR.WU
6525,捷敏-KY,12.90,"上市電子全部,上市半導體",全球前三大專業功率半導體封測企業
6527,明達醫,2.43,上櫃生技醫療,眼科診斷型儀器研發及組裝廠商
6530,創威,3.38,"上櫃電子全部,上櫃通信網路",主要生產熱插拔式及固定式光收發模組
6531,愛普,7.44,"上市電子全部,上市半導體",從事行動記憶體IC設計的公司
6532,瑞耘,3.61,"上櫃電子全部,上櫃半導體",半導體前段製程設備及零件供應商
6533,晶心科,4.27,"上市電子全部,上市半導體",聯發科旗下嵌入式微處理器核心IP設計公司
6535,順藥,15.10,上櫃生技醫療,晟德旗下新藥研發公司
6538,倉和,3.73,"上櫃電子全部,上櫃電子零組件",國內最大的太陽能精密網版廠
6541,泰福-KY,31.20,"上市化學生技醫療,上市生技醫療",免疫、癌症等領域生物相似藥及新藥研發
6542,隆中,4.20,上櫃文化創意,國內手機遊戲代理營運商
6547,高端疫苗,21.25,上櫃生技醫療,基亞旗下腸病毒及流感疫苗研發廠
6548,長科*,3.64,"上櫃電子全部,上櫃半導體",長華電材旗下之IC及光電用導線架大廠
6552,易華電,8.30,"上市電子全部,上市半導體",長華轉投資之面板驅動IC用高階軟性基板廠
6556,勝品,2.88,"上櫃電子全部,上櫃光電",由崇越電通分割所設立之專業監控攝影機製造商
6558,興能高,8.69,"上市電子全部,上市其他電子",以穿載式應用為主的鋰電池廠商
6560,欣普羅,1.81,"上櫃電子全部,上櫃光電",專業影像處理及軟硬體開發廠商
6561,是方,7.05,"上櫃電子全部,上櫃通信網路",中華電信轉投資第二類電信公司
6568,宏觀,2.57,"上櫃電子全部,上櫃半導體",全球前三大矽晶調諧器晶片供應商
6569,醫揚,2.75,上櫃生技醫療,研揚科技旗下之醫療用工業電腦公司
6570,維田,3.01,"上櫃電子全部,上櫃電腦及週邊設備",以嵌入式系統為主之工業電腦廠商
6573,虹揚-KY,8.05,"上市電子全部,上市半導體",二極體及橋式整流器製造商
6574,霈方,2.20,上櫃生技醫療,台灣保養品集團
6576,逸達,11.73,上櫃生技醫療,新劑型配方新藥研發廠
6577,勁豐,3.83,"上櫃電子全部,上櫃電腦及週邊設備",豐藝旗下之工業電腦公司
6578,達邦蛋白,3.01,上櫃農業科技業,亞洲唯一具有微生物醱酵技術的飼料廠商
6579,研揚,14.85,"上市電子全部,上市電腦及週邊設備",華碩旗下之工業電腦廠
6581,鋼聯,11.13,上市其他,亞洲最大電弧爐集塵灰之鋅資源回收廠
6582,申豐,10.62,上市橡膠,永豐餘旗下合成乳膠廠，全球前7大NBR乳膠廠
6588,東典光電,2.67,"上櫃電子全部,上櫃通信網路",東鹼旗下光通訊元件濾光片廠商
6589,台康生技,24.33,上櫃生技醫療,台灣生技藥品委託開發生產服務廠商
6590,普鴻,1.83,"上櫃電子全部,上櫃資訊服務",台灣金融支付加解密解決方案最大供應商
6591,動力-KY,3.41,"上市電子全部,上市電腦及週邊設備",電競PC散熱風扇供應商
6592,和潤企業,51.50,上市其他,和泰旗下車輛融資及租賃公司
6593,台灣銘板,2.02,"上櫃電子全部,上櫃資訊服務",專業信用卡製卡廠商
6594,展匯科,2.05,"上櫃電子全部,上櫃半導體",安國轉投資之USB控制IC設計公司
6596,寬宏藝術,3.00,上櫃文化創意,從事國內外演唱會、藝文活動之主辦與代理
6598,ABC-KY,8.17,"上市化學生技醫療,上市生技醫療",泛宏碁集團醫療檢測廠
6603,富強鑫,14.87,上櫃電機機械,台灣塑膠射出機領導廠商
6605,帝寶,16.58,上市汽車,主攻歐美AM市場之車燈製造商
6609,瀧澤科,7.25,上櫃電機機械,中日合資工具機生產廠商，以CNC車床為主
6612,奈米醫材,3.40,上櫃生技醫療,人工水晶體及其植入系統製造商
6613,朋億,3.39,"上櫃電子全部,上櫃其他電子",聖暉子公司，經營半導體自動化供應系統等業務
6615,慧智,2.13,上櫃生技醫療,台灣產前基因檢測產業龍頭
6616,特昇-KY,2.36,上櫃其他,馬來西亞前五大木製寢室傢俱公司
6624,萬年清,1.80,上櫃其他,從事工業用水與廢水處理之統包工程
6625,必應,4.49,上市其他,台灣最大的娛樂影音活動製作公司
6629,泰金-KY,3.56,上櫃其他,泰國家飾鑄件大廠
6640,均華,2.83,"上櫃電子全部,上櫃半導體",均豪子公司，從事半導體封裝設備的製造
6641,基士德-KY,3.40,上市其他,大陸水處理環保設備與技術服務綜合服務商
6642,富致,3.14,"上櫃電子全部,上櫃電子零組件",台灣PPTC自復式保險絲製造商
6643,M31,3.13,"上櫃電子全部,上櫃半導體",主攻高速傳輸的矽智材廠商
6649,台生材,3.35,上櫃生技醫療,主要從事泡沫式人工腦膜研發
6651,全宇昕,3.30,"上櫃電子全部,上櫃半導體",分離式半導體元件廠
6654,天正國際,3.33,"上櫃電子全部,上櫃其他電子",專業的被動元件後段自動化生產設備開發商
6655,科定,7.40,上市其他,主要從事木製板材之製造商
6661,威健生技,2.33,上櫃生技醫療,台灣第一家獲得生物晶片檢測雙認證之公司
6662,樂斯科,2.56,上櫃生技醫療,台灣知名實驗鼠繁殖中心
6664,群翊,5.50,"上櫃電子全部,上櫃電子零組件",專業的PCB及光電產業乾製程設備製造商
6666,羅麗芬-KY,4.74,"上市化學生技醫療,上市生技醫療",銷售以面部類為主的大陸美妝品牌公司
6667,信紘科,3.98,"上櫃電子全部,上櫃其他電子",高科技廠務工程及製程設備領域之專業廠商
6668,中揚光,6.83,"上市電子全部,上市光電",鴻海集團轉投資光學鏡片模具廠
6669,緯穎,17.48,"上市電子全部,上市電腦及週邊設備",緯創轉投資之大型雲端資料中心硬體供應商
6670,復盛應用,13.10,上市其他,全球最大之高爾夫球桿頭製造商
6671,三能-KY,6.08,上市其他,專業烘培器具製造商
6672,騰輝電子-KY,7.15,"上市電子全部,上市電子零組件",於大陸生產的台資銅箔基板廠
6674,鋐寶科技,6.70,"上市電子全部,上市通信網路",仁寶轉投資之Cable CPE廠商
6679,鈺太,4.22,"上櫃電子全部,上櫃半導體",台灣MEMS麥克風晶片龍頭
6680,鑫創電子,1.86,"上櫃電子全部,上櫃電腦及週邊設備",為智能交通車載電腦系統製造商
6683,雍智科技,2.71,"上櫃電子全部,上櫃半導體",全球排名第七、台灣第一的IC測試設備材料供應商
6690,安碁資訊,1.67,"上櫃電子全部,上櫃資訊服務",宏碁旗下資訊安全管理服務廠
6697,東捷資訊,2.73,"上櫃電子全部,上櫃資訊服務",東元旗下ERP整合規劃廠
6698,旭暉應材,6.64,"上市電子全部,上市其他電子",高精細金屬遮罩生產商
6703,軒郁,2.08,上櫃生技醫療,銷售以面膜為主的美妝品牌公司
6706,惠特,7.22,"上市電子全部,上市光電",鼎元旗下，全球LED點測設備龍頭
6712,長聖,6.16,上櫃生技醫療,專注於細胞療法新藥研發
6715,嘉基,5.70,"上市電子全部,上市電子零組件",嘉澤轉投資之高速連接線器廠商
6716,應廣,2.23,"上櫃電子全部,上櫃半導體",台灣散熱風扇微控制器最大廠
6727,亞泰金屬,2.10,"上櫃電子全部,上櫃電子零組件",為我國塗佈、含浸等生產設備製造廠
6728,上洋,2.30,上櫃貿易百貨,商用洗衣設備與家電產品代理商
6732,昇佳電子,4.89,"上櫃電子全部,上櫃半導體",矽創旗下以感測器為主的IC設計公司
6733,博晟生醫,10.16,上櫃生技醫療,晟德旗下生物性骨材研發廠
6741,91APP*-KY,6.03,上櫃電子商務,台灣知名虛實融合(OMO)新零售服務商
6743,安普新,12.20,"上市電子全部,上市其他電子",台灣音樂娛樂或電競用耳機製造商
6747,亨泰光,2.42,上櫃生技醫療,訂製型硬式隱形眼鏡、角膜塑型鏡供應商
6751,智聯服務,1.30,"上櫃電子全部,上櫃資訊服務",宏碁旗下IT規劃整合及服務廠
6752,叡揚,2.67,"上櫃電子全部,上櫃資訊服務",企業e化應用軟體開發與服務廠
6754,匯僑設計,6.60,上市其他,主要從事建築室內設計及裝潢裝修工程
6756,威鋒電子,6.75,"上市電子全部,上市半導體",威盛旗下之USB 3.0整合型晶片控制供應商
6762,達亞,2.07,上櫃生技醫療,益安旗下醫療器材及零組件代工廠
6767,台微醫,2.91,上櫃生技醫療,鐿鈦旗下脊椎融合手術產品供應商
6768,志強-KY,19.60,上市其他,足球鞋製造龍頭大廠
6776,展碁國際,8.16,"上市電子全部,上市電子通路",台灣第二大電子通路代理商
6781,AES-KY,8.54,"上市電子全部,上市電子零組件",新普轉投資之鋰電池模組製造商
6803,崑鼎,6.91,上櫃其他,隸屬中鼎集團，為台灣最大的廢棄物處理、焚化爐營運公司
7402,邑錡,2.37,"上櫃電子全部,上櫃光電",以「Brinno」為品牌之縮時攝影機供應商
7556,意德士,2.14,"上櫃電子全部,上櫃半導體",半導體設備耗材供應商
8011,台通,14.76,"上市電子全部,上市通信網路",鴻海轉投資光纖線纜與光纖被動元件製造商
8016,矽創,12.01,"上市電子全部,上市半導體",台灣感測元件及顯示屏驅動IC廠
8021,尖點,14.22,"上市電子全部,上市其他電子",全球前三大PCB鑽針生產商之一
8024,佑華,4.52,"上櫃電子全部,上櫃半導體",玩具語音IC與MCU生產商
8027,鈦昇,9.51,上櫃電機機械,專業於半導體、主機板、高階基板材料等設備廠商
8028,昇陽半導體,13.24,"上市電子全部,上市半導體",以再生晶圓起家並跨足綠色能源之廠商
8032,光菱,5.18,"上櫃電子全部,上櫃電子通路",瑞薩、三菱等日系原廠產品在台代理商
8033,雷虎,13.26,上市其他,全球前五大遙控模型玩具廠
8034,榮群,6.29,"上櫃電子全部,上櫃通信網路",台灣網路接取設備製造商
8038,長園科,5.98,"上櫃電子全部,上櫃電子零組件",氧化鋰鐵電池模組系統應用生產商
8039,台虹,20.91,"上市電子全部,上市電子零組件",全球前三大FCCL製造商
8040,九暘,6.93,"上櫃電子全部,上櫃半導體",台灣前二大乙太網路IC供應商
8042,金山電,12.57,"上櫃電子全部,上櫃電子零組件",MB、SPS、CRT用之鋁質電解電容器大廠
8043,蜜望實,7.99,"上櫃電子全部,上櫃電子零組件",太陽誘電在台MLCC代理商
8044,網家,11.83,上櫃電子商務,台灣最大的電子商務集團
8046,南電,64.62,"上市電子全部,上市電子零組件",全球最大覆晶載板(FC)廠商
8047,星雲,4.17,"上櫃電子全部,上櫃其他電子",世界知名的電腦割字機製造大廠
8048,德勝,5.29,"上櫃電子全部,上櫃通信網路",台灣光纖網路局端、用戶端設備製造商
8049,晶采,11.83,"上櫃電子全部,上櫃光電",台灣中小尺寸液晶模組廠
8050,廣積,17.71,"上櫃電子全部,上櫃電腦及週邊設備",以工業級嵌入式系統為主之工業電腦廠商
8054,安國,7.06,"上櫃電子全部,上櫃半導體",台灣USB介面裝置控制IC廠
8059,凱碩,18.86,"上櫃電子全部,上櫃通信網路",新金寶集團轉投資的Cable Modem廠
8064,東捷,16.48,"上櫃電子全部,上櫃光電",鴻海旗下群創光電關係密切的面板廠
8066,來思達,3.02,上櫃貿易百貨,擁有自有品牌之B2B傢俱商，為美國進口傢俱前五名廠商
8067,志旭,3.00,"上櫃電子全部,上櫃電子通路",主要代理及銷售儲存媒體、多媒體及電腦系統產品等
8068,全達,6.87,"上櫃電子全部,上櫃電子通路",威盛旗下IC零組件通路商
8069,元太,114.05,"上櫃電子全部,上櫃光電",全球電子紙龍頭廠
8070,長華*,6.82,"上市電子全部,上市電子通路",IC封裝材料、設備通路商及背光模組材料製造銷售商
8071,能率網通,5.19,"上櫃電子全部,上櫃電子零組件",轉型從事事務機零件製造業務
8072,陞泰,8.00,"上市電子全部,上市電子通路",台灣最大DVR安控系統廠商
8074,鉅橡,8.71,"上櫃電子全部,上櫃電子零組件",全球最大PCB墊板供應商
8076,伍豐,27.75,"上櫃電子全部,上櫃電腦及週邊設備",跨入博奕產業之台灣POS專業廠商
8077,洛碁,10.97,上櫃觀光,轉型為飯店經營
8081,致新,8.62,"上市電子全部,上市半導體",台灣前三大類比IC設計公司
8083,瑞穎,3.51,上櫃電機機械,台灣軸承製造商，主要應用於車庫門、手推車等
8084,巨虹,6.95,"上櫃電子全部,上櫃電子通路",記憶卡為主營收項，並轉型為手機資安系統設計商
8085,福華,15.73,"上櫃電子全部,上櫃其他電子",華映旗下的背光板廠
8086,宏捷科,19.97,"上櫃電子全部,上櫃半導體",全球前三大砷化鎵晶圓代工廠
8087,華鎂鑫,2.91,"上櫃電子全部,上櫃光電",台灣專業碟片預錄廠
8088,品安,6.09,"上櫃電子全部,上櫃半導體",金士頓轉投資DRAM模組廠
8089,康全電訊,5.72,"上櫃電子全部,上櫃通信網路",訊舟轉投資網路通訊設備廠
8091,翔名,4.55,"上櫃電子全部,上櫃電子零組件",台灣半導體離子植入機之關鍵零件最大供應商
8092,建暐,3.89,"上櫃電子全部,上櫃其他電子",IC封裝模具及量測儀器廠製造商
8093,保銳,6.42,"上櫃電子全部,上櫃電子零組件",主攻高階DIY市場且經營自有品牌之電源與電腦週邊廠
8096,擎亞,14.24,"上櫃電子全部,上櫃電子通路",為韓國三星在台灣IC設計服務之主要合作夥伴
8097,常珵,3.07,"上櫃電子全部,上櫃通信網路",公司轉型為無線通訊、物聯網產品周邊及配件製造商
8099,大世科,8.86,"上櫃電子全部,上櫃資訊服務",大同旗下資訊通信系統整合廠商
8101,華冠,20.81,"上市電子全部,上市通信網路",華宇集團旗下手機ODM代工廠
8103,瀚荃,7.90,"上市電子全部,上市電子零組件",全球最大PC及TV背光模組之電源供應器連接器供應商
8104,錸寶,6.80,"上市電子全部,上市光電",錸德轉投資的全球PMOLED龍頭廠商
8105,凌巨,44.15,"上市電子全部,上市光電",凸版集團的子公司，主要提供利基型顯示模組
8107,大億金茂,7.50,上櫃電機機械,屬大億集團，轉型為汽車零組件供應商
8109,博大,7.26,"上櫃電子全部,上櫃電子零組件",台灣專攻工業與通訊應用之利基型電源廠
8110,華東,52.17,"上市電子全部,上市半導體",華新集團旗下、東芝轉投資之封測廠
8111,立碁,10.91,"上櫃電子全部,上櫃光電",台灣LED元件生產商及封裝大廠
8112,至上,42.85,"上市電子全部,上市電子通路",主要代理品牌以Samsung為主之IC通路商
8114,振樺電,7.49,"上市電子全部,上市電腦及週邊設備",台灣前三大POS廠
8121,越峰,18.30,"上櫃電子全部,上櫃電子零組件",台聚旗下、台灣最大錳鋅系列鐵芯等電感類製造廠
8131,福懋科,44.22,"上市電子全部,上市半導體",台塑集團轉投資之IC封裝測試廠
8147,正淩,3.06,"上櫃電子全部,上櫃電子零組件",生產PC、工業及通信用的連接器廠商
8150,南茂,72.72,"上市電子全部,上市半導體",全球第2大LCD驅動IC封測廠
8155,博智,4.98,"上櫃電子全部,上櫃電子零組件",仁寶集團旗下的印刷電路板廠商
8163,達方,28.00,"上市電子全部,上市電腦及週邊設備",屬明基友達集團，為全球前兩大LCD TV換流器與NB鍵盤廠
8171,天宇,5.87,"上櫃電子全部,上櫃通信網路",專攻電池模組與電源管理模組之廠商
8176,智捷,7.25,"上櫃電子全部,上櫃通信網路",台灣無線網路傳輸設備ODM/OEM廠
8182,加高,10.70,"上櫃電子全部,上櫃電子零組件",日本大真空轉投資，為台灣石英元件製造商
8183,精星,12.13,"上櫃電子全部,上櫃其他電子",專業電子製造服務(EMS)廠商
8201,無敵,6.24,"上市電子全部,上市其他電子",英業達旗下之亞洲電子辭典領導廠商
8210,勤誠,12.09,"上市電子全部,上市電腦及週邊設備",台灣伺服器機殼龍頭廠
8213,志超,27.12,"上市電子全部,上市電子零組件",全球最大光電板廠商
8215,明基材,32.07,"上市電子全部,上市光電",全球前五大、台灣第一大偏光板供應商
8222,寶一,6.86,上市電機機械,專注於航空發動機內的高溫段零組件製造商
8234,新漢,14.14,"上櫃電子全部,上櫃電腦及週邊設備",台灣工業電腦廠商
8240,華宏,10.00,"上櫃電子全部,上櫃光電",國內背光模組光學膜片最大專業製造裁切廠
8249,菱光,12.71,"上市電子全部,上市電子零組件",全球彩色CIS龍頭廠
8255,朋程,9.15,上櫃電機機械,全球前三大車用二極體廠
8261,富鼎,8.13,"上市電子全部,上市半導體",與全球電晶體大廠IR合作之類比IC設計公司
8271,宇瞻,10.18,"上市電子全部,上市半導體",全球前十大DRAM模組廠
8277,商丞,9.16,"上櫃電子全部,上櫃半導體",NB及OEM市場為主的記憶體模組廠
8279,生展,2.71,上櫃生技醫療,生達旗下原料藥及保健品研發廠商
8284,三竹,4.63,"上櫃電子全部,上櫃資訊服務",金融服務軟體供應商
8289,泰藝,6.83,"上櫃電子全部,上櫃電子零組件",台灣專業石英振盪器製造商
8291,尚茂,4.73,"上櫃電子全部,上櫃電子零組件",台灣利基型銅箔基板廠
8299,群聯,19.71,"上櫃電子全部,上櫃半導體",全球第一大USB控制IC設計公司
8341,日友,11.15,上市其他,潤泰新轉投資之台灣最大醫療廢棄物處理廠商之一
8342,益張,3.35,上櫃其他,台灣最大商用金屬展示架製造商
8349,恒耀,11.90,上櫃鋼鐵,車用與工業用扣件製造與貿易廠商
8354,冠好,7.85,上櫃其他,特殊商標專業製造廠，有粘標籤、自粘膠帶等
8358,金居,25.26,"上櫃電子全部,上櫃電子零組件",台灣前三大電解銅箔製造商
8367,建新國際,8.11,上市航運業,台灣從事貨櫃場服務之業者
8374,羅昇,11.23,上市電機機械,自動化機電零組件暨系統供應商
8383,千附,11.82,"上櫃電子全部,上櫃其他電子",TFT-LCD及半導體廠無塵室供應商
8390,金益鼎,11.99,上櫃其他,台灣清運處理固體電子廢棄物業者
8401,白紗科,6.00,上櫃其他,台灣合版印刷龍頭
8403,盛弘,10.89,上櫃生技醫療,敏盛醫控股旗下醫藥流通及健康管理業者
8404,百和興業-KY,31.52,上市其他,全球最大黏扣帶製造商
8406,金可-KY,9.71,上櫃生技醫療,大陸隱形眼鏡龍頭廠
8409,商之器,2.80,上櫃生技醫療,台灣第一大PACS廠
8410,森田,3.66,"上櫃電子全部,上櫃電腦及週邊設備",台灣最大3C產品之膜內轉印(IMR)印刷廠
8411,福貞-KY,17.54,上市其他,大陸專業金屬包裝產品供應大廠
8415,大國鋼,103.15,上櫃鋼鐵,大成鋼轉投資之大型螺絲螺帽配銷商
8416,實威,2.82,"上櫃電子全部,上櫃資訊服務",3D CAD/CAM/CAE/PDM軟硬體代理商
8418,捷必勝-KY,7.84,上櫃其他,新加坡工程設備租賃銷售業龍頭
8420,明揚,5.10,上櫃其他,明安旗下以生產專業高爾夫球之公司
8421,旭源,5.48,上櫃其他,飲料標籤及生產設備製造商
8422,可寧衛,10.89,上市其他,台灣最大重金屬廢棄物固化處理廠
8423,保綠-KY,2.30,上櫃其他,馬來西亞最大的再生膠、膠粉及膠粒製造商
8424,惠普,3.61,上櫃建材營造,台灣最大矽酸鈣板廠
8426,紅木-KY,5.02,上櫃其他,國際精品的裝潢承包商
8427,基勝-KY,10.43,上市其他,戶外休閒金屬傢俱及配件產銷商
8429,金麗-KY,18.57,上市貿易百貨,大陸三、四線城市中低價品牌服飾與休閒鞋業者
8431,匯鑽科,4.45,"上櫃電子全部,上櫃其他電子",台灣從事硬碟、汽車精密零件表面電鍍處理業者
8432,東生華,3.84,上櫃生技醫療,東洋旗下慢性病用藥的新藥研發公司
8433,弘帆,5.21,上櫃貿易百貨,全方位女性與孩童配件飾品供應商，產品外銷歐美為主
8435,鉅邁,3.17,上櫃其他,台灣前三大工業水處理藥劑公司
8436,大江,11.82,上櫃生技醫療,專為大廠研發保健品、保養品及有效添加物等公司
8437,大地-KY,4.79,上櫃其他,大陸第二大台灣幼教品牌，提供幼教諮詢服務
8440,綠電,3.80,上櫃其他,台灣最大的廢家電及廢資訊物品回收業者
8442,威宏-KY,6.00,上市其他,為全球知名運動用品及精品包袋代工製造商
8443,阿瘦,6.68,上市貿易百貨,台灣第一家掛牌的鞋業自有品牌業者
8444,綠河-KY,8.48,上櫃其他,泰國塑合板與橡膠實板產銷商
8446,華研,5.29,上櫃文化創意,亞洲跨國唱片製作及歌手經紀人公司
8450,霹靂,5.13,上櫃文化創意,台灣布袋戲文創業者
8454,富邦媒,14.01,上市貿易百貨,台灣網路購物龍頭平台
8455,大拓-KY,2.52,"上櫃電子全部,上櫃其他電子",代理日系大廠電子電機產品之日本廠商
8462,柏文,7.37,上市觀光,台灣連鎖健身俱樂部業者
8463,潤泰材,15.00,上市其他,潤泰集團旗下水泥及預拌式泥作材料大廠
8464,億豐,29.30,上市其他,全球窗簾製造大廠
8466,美吉吉-KY,6.61,上市其他,全球知名塑膠地磚製造廠商
8467,波力-KY,4.95,上市其他,全球最大碳纖維冰上曲棍球桿製造廠
8472,夠麻吉,1.77,上櫃電子商務,吃喝玩樂券平台GOMAJI
8473,山林水,13.48,上市其他,力麒旗下水處理工程公司
8476,台境,6.05,上櫃其他,專注發展土壤、地下水領域的環保工程服務商
8477,創業家,3.16,上櫃電子商務,台灣最大限時宅配團購電子商務公司
8478,東哥遊艇,9.09,上市其他,亞洲地區唯一擁有自有品牌之遊艇製造商
8480,泰昇-KY,3.93,上市其他,越南及柬埔寨嬰兒及成人紙尿褲龍頭企業
8481,政伸,6.66,上市其他,全世界最大的自行車貼標印刷公司
8482,商億-KY,11.04,上市其他,主要出口至北美的高端室內傢俱製造商
8488,吉源-KY,6.75,上市其他,台商金屬飲料包材大廠
8489,三貝德,3.78,上櫃其他,致力於K12數位教學及品牌代理授權業者
8499,鼎炫-KY,5.19,"上市電子全部,上市其他電子",電子衡器及EMI導電材料生產商
8905,裕國,11.94,上櫃其他,台灣最大冷凍冷藏倉儲業者，並跨足營建業務
8906,花王,3.40,上櫃其他,知名一貫化印製作業廠
8908,欣雄,20.01,上櫃油電燃氣,主要經營高雄市鳳山、大寮等13區之天然氣業者
8916,光隆,13.12,上櫃其他,國內知名的羽絨原料加工及寢具製造商
8917,欣泰,13.44,上櫃油電燃氣,主要經營新北市樹林、土城等9區之天然氣業者
8921,沈氏,4.66,上櫃其他,永豐餘集團轉投資之印刷廠
8923,時報,3.04,上櫃文化創意,華文世界為一家股票上櫃出版社
8924,大田,8.38,上櫃其他,全球高爾夫球桿頭代工大廠之一
8926,台汽電,58.90,上市油電燃氣,為一開發、投資、興建及營運汽電共生廠及民營電廠
8927,北基,19.80,上櫃油電燃氣,國內加油站經營商，擁有近40個據點
8928,鉅明,5.09,上櫃其他,全球高爾夫球具代工大廠
8929,富堡,5.06,上櫃其他,主要生產不織布及成人紙尿褲產品
8930,青鋼,8.18,上櫃鋼鐵,亞洲最大輕鋼架生產商
8931,大汽電,12.23,上櫃油電燃氣,設於大園工業區內之汽電共生公司
8932,宏大,6.01,上櫃其他,台灣最大拉鍊製造商
8933,愛地雅,29.96,上櫃其他,台灣第三大自行車生產廠商
8935,邦泰,8.43,上櫃其他,台灣鞋材及複合材料研發生產大廠
8936,國統,24.81,上櫃其他,專營輸水管材之製造與承包公司，並兼營海水淡化業務
8937,合騏,7.25,上櫃其他,自創品牌ADLY多功能休閒車專業製造廠商
8938,明安,13.53,上櫃其他,全球第三大高爾夫球桿頭代工廠
8940,新天地,6.75,上市觀光,於台灣北中南部擁有多家大型婚宴會館業者
8941,關中,3.04,上櫃貿易百貨,以生產烤肉爐、節能熱水器為主製造商
8942,森鉅,16.58,上櫃其他,台灣最大鋁塑複合板製造商
8996,高力,8.94,上市電機機械,台灣唯一製造硬銲型不銹鋼板式熱交換器廠
9802,鈺齊-KY,18.62,上市其他,主要從事各種功能鞋款代工研發的廠商
9902,台火,9.80,上市其他,進口轎車、垃圾車、建材貿易商，亦從事小客車租賃及建營開發
9904,寶成,294.68,上市其他,全球運動鞋及休閒鞋代工龍頭
9905,大華,30.50,上市其他,台灣最大食品飲料綜合包裝容器廠
9906,欣巴巴,8.33,上市建材營造,高雄巴巴集團旗下建商
9907,統一實,157.91,上市其他,台灣馬口鐵第一大廠
9908,大台北,51.64,上市油電燃氣,主要經營台北市信義、松山等地區之天然氣業者
9910,豐泰,88.17,上市其他,全球知名運動鞋代工廠
9911,櫻花,22.11,上市其他,台灣最大系統廚具連鎖通路品牌
9912,偉聯,5.46,"上市電子全部,上市電腦及週邊設備",以自有品牌發展專業用途顯示器廠
9914,美利達,29.90,上市其他,台灣第二大自行車生產廠商
9917,中保科,45.12,上市其他,台灣最大的保全業者
9918,欣天然,18.05,上市油電燃氣,主要經營新北市中和、永和、新店、深坑之天然氣業者
9919,康那香,19.54,上市其他,為國內衛生棉及化妝棉、濕紙巾之製造龍頭企業
9921,巨大,37.51,上市其他,全球最大自行車生產廠商
9924,福興,18.85,上市其他,亞洲最大，全球第二大門鎖廠商
9925,新保,38.75,上市其他,台灣第二大保全業者
9926,新海,17.95,上市油電燃氣,主要經營新北市三重、板橋及新莊區之天然氣業者
9927,泰銘,20.91,上市其他,亞洲最大合金鉛製造廠商之一
9928,中視,15.07,上市其他,台灣五家無線電視台之一
9929,秋雨,10.13,上市其他,台灣第一家股票上市之印刷業者
9930,中聯資源,24.85,上市其他,主營採用中鋼爐石粉製造高強度水泥
9931,欣高,11.04,上市油電燃氣,主要經營高雄市三民、左營等營業區之天然氣業者
9933,中鼎,76.34,上市其他,台灣最大統包工程公司
9934,成霖,35.82,上市其他,亞洲最大水龍頭專業製造廠商
9935,慶豐富,16.96,上市其他,台灣第一大窗簾傢飾廠
9937,全國,30.90,上市油電燃氣,台灣第三大加油站經營商，站數逾百座
9938,百和,29.80,上市其他,全球最大黏扣帶製造商
9939,宏全,28.78,上市其他,台灣最大的飲料包材及飲料代工製造商
9940,信義,73.68,上市其他,台灣主要房仲業者
9941,裕融,33.23,上市其他,裕隆集團旗下汽車融資業者
9942,茂順,8.32,上市其他,台灣第一大、全球第五大密封元件製造商
9943,好樂迪,14.73,上市觀光,台灣知名KTV業者
9944,新麗,10.91,上市其他,東南亞最大的樹脂棉製造商之一
9945,潤泰新,150.49,上市其他,潤泰旗下轉投量販業之建商
9946,三發地產,31.10,上市建材營造,高雄名發建設入主，轉型建商
9949,琉園,4.70,上櫃文化創意,以「tittot琉園」為品牌之水晶玻璃藝術品業者
9950,萬國通,14.77,上櫃塑膠,台灣最大旅行箱製造商
9951,皇田,7.49,上櫃電機機械,全球第二大汽車窗簾ODM廠
9955,佳龍,10.32,上市其他,台灣一貫化電子廢棄物處理廠
9958,世紀鋼,23.05,上市鋼鐵,主要承建電子產業鋼構工程之廠商
9960,邁達康,3.36,上櫃貿易百貨,台灣最大的高爾夫球銷售網站
9962,有益,9.02,上櫃鋼鐵,台灣不鏽鋼厚板第一大廠
